date,department,admissions,emergency_admissions,outpatient,inpatient
2025-08-23,Cardiology,16,4,6,6
2025-08-23,Neurology,27,10,10,7
2025-08-23,Orthopedics,9,0,6,3
2025-08-23,General,9,2,3,4
2025-08-23,Emergency,25,25,0,0
2025-08-24,Cardiology,7,0,4,3
2025-08-24,Neurology,1,0,1,0
2025-08-24,Orthopedics,15,3,6,6
2025-08-24,General,24,6,12,6
2025-08-24,Emergency,38,38,0,0
2025-08-25,Cardiology,40,6,14,20
2025-08-25,Neurology,15,3,8,4
2025-08-25,Orthopedics,7,2,2,3
2025-08-25,General,34,6,19,9
2025-08-25,Emergency,56,56,0,0
2025-08-26,Cardiology,8,1,3,4
2025-08-26,Neurology,28,10,10,8
2025-08-26,Orthopedics,14,2,8,4
2025-08-26,General,23,4,7,12
2025-08-26,Emergency,42,42,0,0
2025-08-27,Cardiology,12,2,7,3
2025-08-27,Neurology,45,7,20,18
2025-08-27,Orthopedics,7,2,3,2
2025-08-27,General,25,6,13,6
2025-08-27,Emergency,55,55,0,0
2025-08-28,Cardiology,41,6,22,13
2025-08-28,Neurology,15,5,4,6
2025-08-28,Orthopedics,14,1,6,7
2025-08-28,General,40,5,13,22
2025-08-28,Emergency,32,32,0,0
2025-08-29,Cardiology,44,15,14,15
2025-08-29,Neurology,32,8,17,7
2025-08-29,Orthopedics,25,5,14,6
2025-08-29,General,28,9,12,7
2025-08-29,Emergency,66,66,0,0
2025-08-30,Cardiology,27,5,12,10
2025-08-30,Neurology,6,1,2,3
2025-08-30,Orthopedics,6,1,2,3
2025-08-30,General,11,2,5,4
2025-08-30,Emergency,60,60,0,0
2025-08-31,Cardiology,21,6,7,8
2025-08-31,Neurology,15,2,8,5
2025-08-31,Orthopedics,10,2,6,2
2025-08-31,General,8,2,3,3
2025-08-31,Emergency,43,43,0,0
2025-09-01,Cardiology,42,8,24,10
2025-09-01,Neurology,26,4,16,6
2025-09-01,Orthopedics,26,9,7,10
2025-09-01,General,43,12,20,11
2025-09-01,Emergency,27,27,0,0
2025-09-02,Cardiology,47,13,18,16
2025-09-02,Neurology,19,3,9,7
2025-09-02,Orthopedics,15,3,6,6
2025-09-02,General,41,12,14,15
2025-09-02,Emergency,32,32,0,0
2025-09-03,Cardiology,31,9,11,11
2025-09-03,Neurology,34,11,16,7
2025-09-03,Orthopedics,10,3,4,3
2025-09-03,General,41,14,17,10
2025-09-03,Emergency,38,38,0,0
2025-09-04,Cardiology,17,6,7,4
2025-09-04,Neurology,27,9,10,8
2025-09-04,Orthopedics,21,3,6,12
2025-09-04,General,26,8,12,6
2025-09-04,Emergency,64,64,0,0
2025-09-05,Cardiology,37,6,17,14
2025-09-05,Neurology,35,5,19,11
2025-09-05,Orthopedics,42,14,20,8
2025-09-05,General,20,4,7,9
2025-09-05,Emergency,40,40,0,0
2025-09-06,Cardiology,8,3,3,2
2025-09-06,Neurology,8,0,5,3
2025-09-06,Orthopedics,23,7,6,10
2025-09-06,General,17,3,8,6
2025-09-06,Emergency,39,39,0,0
2025-09-07,Cardiology,19,2,12,5
2025-09-07,Neurology,19,7,8,4
2025-09-07,Orthopedics,8,2,3,3
2025-09-07,General,24,6,6,12
2025-09-07,Emergency,35,35,0,0
2025-09-08,Cardiology,33,11,11,11
2025-09-08,Neurology,14,3,5,6
2025-09-08,Orthopedics,39,13,12,14
2025-09-08,General,24,5,8,11
2025-09-08,Emergency,34,34,0,0
2025-09-09,Cardiology,12,3,5,4
2025-09-09,Neurology,15,3,8,4
2025-09-09,Orthopedics,14,4,4,6
2025-09-09,General,33,8,15,10
2025-09-09,Emergency,50,50,0,0
2025-09-10,Cardiology,36,8,17,11
2025-09-10,Neurology,35,12,15,8
2025-09-10,Orthopedics,18,3,8,7
2025-09-10,General,13,4,5,4
2025-09-10,Emergency,66,66,0,0
2025-09-11,Cardiology,40,8,15,17
2025-09-11,Neurology,26,9,11,6
2025-09-11,Orthopedics,26,8,11,7
2025-09-11,General,14,5,3,6
2025-09-11,Emergency,65,65,0,0
2025-09-12,Cardiology,45,12,17,16
2025-09-12,Neurology,23,8,6,9
2025-09-12,Orthopedics,25,9,6,10
2025-09-12,General,20,7,6,7
2025-09-12,Emergency,54,54,0,0
2025-09-13,Cardiology,8,0,6,2
2025-09-13,Neurology,20,2,10,8
2025-09-13,Orthopedics,11,2,4,5
2025-09-13,General,18,5,6,7
2025-09-13,Emergency,54,54,0,0
2025-09-14,Cardiology,22,2,7,13
2025-09-14,Neurology,14,4,5,5
2025-09-14,Orthopedics,10,3,5,2
2025-09-14,General,12,3,6,3
2025-09-14,Emergency,47,47,0,0
2025-09-15,Cardiology,25,3,8,14
2025-09-15,Neurology,46,9,26,11
2025-09-15,Orthopedics,27,7,12,8
2025-09-15,General,27,5,10,12
2025-09-15,Emergency,65,65,0,0
2025-09-16,Cardiology,34,11,12,11
2025-09-16,Neurology,27,5,8,14
2025-09-16,Orthopedics,36,10,12,14
2025-09-16,General,36,7,12,17
2025-09-16,Emergency,62,62,0,0
2025-09-17,Cardiology,37,4,18,15
2025-09-17,Neurology,17,3,9,5
2025-09-17,Orthopedics,41,6,16,19
2025-09-17,General,35,12,14,9
2025-09-17,Emergency,56,56,0,0
2025-09-18,Cardiology,24,2,11,11
2025-09-18,Neurology,32,9,10,13
2025-09-18,Orthopedics,19,3,10,6
2025-09-18,General,35,8,16,11
2025-09-18,Emergency,36,36,0,0
2025-09-19,Cardiology,52,13,16,23
2025-09-19,Neurology,16,4,7,5
2025-09-19,Orthopedics,31,6,18,7
2025-09-19,General,49,17,17,15
2025-09-19,Emergency,50,50,0,0
2025-09-20,Cardiology,10,1,4,5
2025-09-20,Neurology,17,4,6,7
2025-09-20,Orthopedics,10,2,4,4
2025-09-20,General,23,8,11,4
2025-09-20,Emergency,45,45,0,0
2025-09-21,Cardiology,21,3,12,6
2025-09-21,Neurology,20,4,8,8
2025-09-21,Orthopedics,19,4,9,6
2025-09-21,General,14,3,4,7
2025-09-21,Emergency,25,25,0,0
2025-09-22,Cardiology,31,8,16,7
2025-09-22,Neurology,32,12,14,6
2025-09-22,Orthopedics,38,14,14,10
2025-09-22,General,33,7,16,10
2025-09-22,Emergency,36,36,0,0
2025-09-23,Cardiology,40,12,19,9
2025-09-23,Neurology,15,3,7,5
2025-09-23,Orthopedics,35,13,12,10
2025-09-23,General,46,5,17,24
2025-09-23,Emergency,69,69,0,0
2025-09-24,Cardiology,25,7,11,7
2025-09-24,Neurology,26,10,9,7
2025-09-24,Orthopedics,12,4,4,4
2025-09-24,General,34,12,12,10
2025-09-24,Emergency,56,56,0,0
2025-09-25,Cardiology,18,5,7,6
2025-09-25,Neurology,43,6,13,24
2025-09-25,Orthopedics,22,4,11,7
2025-09-25,General,40,4,14,22
2025-09-25,Emergency,33,33,0,0
2025-09-26,Cardiology,42,5,20,17
2025-09-26,Neurology,27,3,9,15
2025-09-26,Orthopedics,10,1,4,5
2025-09-26,General,39,4,21,14
2025-09-26,Emergency,60,60,0,0
2025-09-27,Cardiology,9,1,3,5
2025-09-27,Neurology,1,0,1,0
2025-09-27,Orthopedics,14,5,4,5
2025-09-27,General,25,5,14,6
2025-09-27,Emergency,61,61,0,0
2025-09-28,Cardiology,14,2,8,4
2025-09-28,Neurology,24,8,6,10
2025-09-28,Orthopedics,7,2,2,3
2025-09-28,General,14,2,5,7
2025-09-28,Emergency,67,67,0,0
2025-09-29,Cardiology,8,1,5,2
2025-09-29,Neurology,17,5,5,7
2025-09-29,Orthopedics,17,4,9,4
2025-09-29,General,34,8,16,10
2025-09-29,Emergency,66,66,0,0
2025-09-30,Cardiology,28,7,8,13
2025-09-30,Neurology,21,3,12,6
2025-09-30,Orthopedics,23,4,13,6
2025-09-30,General,29,9,12,8
2025-09-30,Emergency,54,54,0,0
2025-10-01,Cardiology,9,2,5,2
2025-10-01,Neurology,22,7,6,9
2025-10-01,Orthopedics,12,3,3,6
2025-10-01,General,45,9,15,21
2025-10-01,Emergency,75,75,0,0
2025-10-02,Cardiology,46,10,24,12
2025-10-02,Neurology,27,5,8,14
2025-10-02,Orthopedics,35,9,15,11
2025-10-02,General,36,5,18,13
2025-10-02,Emergency,56,56,0,0
2025-10-03,Cardiology,40,5,15,20
2025-10-03,Neurology,28,9,6,13
2025-10-03,Orthopedics,40,13,13,14
2025-10-03,General,29,3,16,10
2025-10-03,Emergency,44,44,0,0
2025-10-04,Cardiology,6,1,4,1
2025-10-04,Neurology,19,2,6,11
2025-10-04,Orthopedics,18,2,11,5
2025-10-04,General,22,3,9,10
2025-10-04,Emergency,63,63,0,0
2025-10-05,Cardiology,16,5,7,4
2025-10-05,Neurology,21,6,8,7
2025-10-05,Orthopedics,13,1,7,5
2025-10-05,General,20,5,8,7
2025-10-05,Emergency,64,64,0,0
2025-10-06,Cardiology,42,14,10,18
2025-10-06,Neurology,36,12,14,10
2025-10-06,Orthopedics,15,5,6,4
2025-10-06,General,23,8,10,5
2025-10-06,Emergency,60,60,0,0
2025-10-07,Cardiology,42,8,24,10
2025-10-07,Neurology,18,6,5,7
2025-10-07,Orthopedics,44,11,19,14
2025-10-07,General,43,10,19,14
2025-10-07,Emergency,24,24,0,0
2025-10-08,Cardiology,40,11,19,10
2025-10-08,Neurology,48,16,16,16
2025-10-08,Orthopedics,42,13,14,15
2025-10-08,General,25,6,10,9
2025-10-08,Emergency,53,53,0,0
2025-10-09,Cardiology,30,4,10,16
2025-10-09,Neurology,10,1,5,4
2025-10-09,Orthopedics,47,11,18,18
2025-10-09,General,34,7,9,18
2025-10-09,Emergency,36,36,0,0
2025-10-10,Cardiology,17,3,5,9
2025-10-10,Neurology,44,9,12,23
2025-10-10,Orthopedics,43,16,19,8
2025-10-10,General,29,3,9,17
2025-10-10,Emergency,30,30,0,0
2025-10-11,Cardiology,3,0,1,2
2025-10-11,Neurology,13,3,5,5
2025-10-11,Orthopedics,26,7,9,10
2025-10-11,General,25,8,9,8
2025-10-11,Emergency,56,56,0,0
2025-10-12,Cardiology,16,4,8,4
2025-10-12,Neurology,28,5,16,7
2025-10-12,Orthopedics,13,1,5,7
2025-10-12,General,26,10,8,8
2025-10-12,Emergency,44,44,0,0
2025-10-13,Cardiology,20,6,8,6
2025-10-13,Neurology,34,12,7,15
2025-10-13,Orthopedics,21,7,5,9
2025-10-13,General,39,9,14,16
2025-10-13,Emergency,45,45,0,0
2025-10-14,Cardiology,50,12,15,23
2025-10-14,Neurology,18,3,10,5
2025-10-14,Orthopedics,39,4,24,11
2025-10-14,General,54,10,25,19
2025-10-14,Emergency,40,40,0,0
2025-10-15,Cardiology,33,6,16,11
2025-10-15,Neurology,43,10,18,15
2025-10-15,Orthopedics,11,1,7,3
2025-10-15,General,33,4,14,15
2025-10-15,Emergency,53,53,0,0
2025-10-16,Cardiology,49,14,15,20
2025-10-16,Neurology,45,7,21,17
2025-10-16,Orthopedics,20,7,4,9
2025-10-16,General,26,8,12,6
2025-10-16,Emergency,70,70,0,0
2025-10-17,Cardiology,24,5,11,8
2025-10-17,Neurology,23,5,9,9
2025-10-17,Orthopedics,22,7,9,6
2025-10-17,General,15,3,7,5
2025-10-17,Emergency,63,63,0,0
2025-10-18,Cardiology,13,1,6,6
2025-10-18,Neurology,13,3,6,4
2025-10-18,Orthopedics,21,4,9,8
2025-10-18,General,11,3,4,4
2025-10-18,Emergency,41,41,0,0
2025-10-19,Cardiology,19,5,8,6
2025-10-19,Neurology,19,6,7,6
2025-10-19,Orthopedics,25,9,7,9
2025-10-19,General,14,2,4,8
2025-10-19,Emergency,63,63,0,0
2025-10-20,Cardiology,15,4,5,6
2025-10-20,Neurology,41,8,15,18
2025-10-20,Orthopedics,33,12,9,12
2025-10-20,General,15,4,8,3
2025-10-20,Emergency,61,61,0,0
2025-10-21,Cardiology,19,4,7,8
2025-10-21,Neurology,29,4,8,17
2025-10-21,Orthopedics,48,5,26,17
2025-10-21,General,37,13,12,12
2025-10-21,Emergency,45,45,0,0
2025-10-22,Cardiology,21,3,6,12
2025-10-22,Neurology,28,7,12,9
2025-10-22,Orthopedics,8,1,3,4
2025-10-22,General,21,6,7,8
2025-10-22,Emergency,70,70,0,0
2025-10-23,Cardiology,46,5,28,13
2025-10-23,Neurology,33,12,14,7
2025-10-23,Orthopedics,28,4,16,8
2025-10-23,General,38,10,17,11
2025-10-23,Emergency,27,27,0,0
2025-10-24,Cardiology,47,11,22,14
2025-10-24,Neurology,22,3,10,9
2025-10-24,Orthopedics,11,4,5,2
2025-10-24,General,40,11,12,17
2025-10-24,Emergency,47,47,0,0
2025-10-25,Cardiology,22,4,13,5
2025-10-25,Neurology,16,3,5,8
2025-10-25,Orthopedics,8,1,3,4
2025-10-25,General,11,1,4,6
2025-10-25,Emergency,56,56,0,0
2025-10-26,Cardiology,14,1,5,8
2025-10-26,Neurology,22,7,9,6
2025-10-26,Orthopedics,27,8,11,8
2025-10-26,General,19,5,6,8
2025-10-26,Emergency,58,58,0,0
2025-10-27,Cardiology,31,9,15,7
2025-10-27,Neurology,36,10,10,16
2025-10-27,Orthopedics,40,9,13,18
2025-10-27,General,39,5,21,13
2025-10-27,Emergency,58,58,0,0
2025-10-28,Cardiology,18,6,4,8
2025-10-28,Neurology,22,8,7,7
2025-10-28,Orthopedics,47,14,19,14
2025-10-28,General,25,3,13,9
2025-10-28,Emergency,42,42,0,0
2025-10-29,Cardiology,22,5,9,8
2025-10-29,Neurology,19,6,9,4
2025-10-29,Orthopedics,34,8,14,12
2025-10-29,General,29,10,8,11
2025-10-29,Emergency,50,50,0,0
2025-10-30,Cardiology,42,9,16,17
2025-10-30,Neurology,47,11,17,19
2025-10-30,Orthopedics,13,1,6,6
2025-10-30,General,33,9,15,9
2025-10-30,Emergency,51,51,0,0
2025-10-31,Cardiology,11,1,6,4
2025-10-31,Neurology,35,6,10,19
2025-10-31,Orthopedics,40,4,20,16
2025-10-31,General,41,14,9,18
2025-10-31,Emergency,45,45,0,0
2025-11-01,Cardiology,17,3,8,6
2025-11-01,Neurology,20,7,8,5
2025-11-01,Orthopedics,28,8,10,10
2025-11-01,General,12,3,6,3
2025-11-01,Emergency,56,56,0,0
2025-11-02,Cardiology,18,7,5,6
2025-11-02,Neurology,12,2,4,6
2025-11-02,Orthopedics,13,2,6,5
2025-11-02,General,16,3,5,8
2025-11-02,Emergency,47,47,0,0
2025-11-03,Cardiology,27,4,16,7
2025-11-03,Neurology,20,4,12,4
2025-11-03,Orthopedics,26,9,12,5
2025-11-03,General,14,2,5,7
2025-11-03,Emergency,40,40,0,0
2025-11-04,Cardiology,27,4,9,14
2025-11-04,Neurology,17,2,6,9
2025-11-04,Orthopedics,31,8,16,7
2025-11-04,General,36,13,10,13
2025-11-04,Emergency,56,56,0,0
2025-11-05,Cardiology,40,15,16,9
2025-11-05,Neurology,39,14,16,9
2025-11-05,Orthopedics,56,13,22,21
2025-11-05,General,32,3,14,15
2025-11-05,Emergency,44,44,0,0
2025-11-06,Cardiology,51,8,30,13
2025-11-06,Neurology,18,4,6,8
2025-11-06,Orthopedics,52,17,18,17
2025-11-06,General,53,11,23,19
2025-11-06,Emergency,40,40,0,0
2025-11-07,Cardiology,34,9,15,10
2025-11-07,Neurology,46,10,25,11
2025-11-07,Orthopedics,27,6,7,14
2025-11-07,General,46,16,12,18
2025-11-07,Emergency,53,53,0,0
2025-11-08,Cardiology,10,1,5,4
2025-11-08,Neurology,8,2,4,2
2025-11-08,Orthopedics,13,4,7,2
2025-11-08,General,20,7,5,8
2025-11-08,Emergency,59,59,0,0
2025-11-09,Cardiology,10,2,3,5
2025-11-09,Neurology,23,4,8,11
2025-11-09,Orthopedics,18,1,10,7
2025-11-09,General,22,8,8,6
2025-11-09,Emergency,66,66,0,0
2025-11-10,Cardiology,13,4,4,5
2025-11-10,Neurology,31,6,11,14
2025-11-10,Orthopedics,37,9,17,11
2025-11-10,General,49,6,23,20
2025-11-10,Emergency,59,59,0,0
2025-11-11,Cardiology,45,7,23,15
2025-11-11,Neurology,13,2,7,4
2025-11-11,Orthopedics,42,7,11,24
2025-11-11,General,36,7,16,13
2025-11-11,Emergency,66,66,0,0
2025-11-12,Cardiology,10,1,7,2
2025-11-12,Neurology,32,3,13,16
2025-11-12,Orthopedics,31,8,10,13
2025-11-12,General,15,3,6,6
2025-11-12,Emergency,41,41,0,0
2025-11-13,Cardiology,40,10,20,10
2025-11-13,Neurology,24,4,10,10
2025-11-13,Orthopedics,40,5,21,14
2025-11-13,General,17,2,11,4
2025-11-13,Emergency,53,53,0,0
2025-11-14,Cardiology,29,7,14,8
2025-11-14,Neurology,46,13,11,22
2025-11-14,Orthopedics,15,5,4,6
2025-11-14,General,44,12,12,20
2025-11-14,Emergency,66,66,0,0
2025-11-15,Cardiology,20,5,10,5
2025-11-15,Neurology,29,6,12,11
2025-11-15,Orthopedics,13,5,5,3
2025-11-15,General,14,2,5,7
2025-11-15,Emergency,50,50,0,0
2025-11-16,Cardiology,24,3,8,13
2025-11-16,Neurology,10,1,5,4
2025-11-16,Orthopedics,14,4,4,6
2025-11-16,General,14,3,5,6
2025-11-16,Emergency,66,66,0,0
2025-11-17,Cardiology,43,8,24,11
2025-11-17,Neurology,35,6,19,10
2025-11-17,Orthopedics,52,8,31,13
2025-11-17,General,30,8,8,14
2025-11-17,Emergency,29,29,0,0
2025-11-18,Cardiology,28,7,11,10
2025-11-18,Neurology,36,7,21,8
2025-11-18,Orthopedics,17,6,4,7
2025-11-18,General,47,16,21,10
2025-11-18,Emergency,54,54,0,0
2025-11-19,Cardiology,31,5,11,15
2025-11-19,Neurology,47,13,20,14
2025-11-19,Orthopedics,22,7,10,5
2025-11-19,General,47,12,12,23
2025-11-19,Emergency,44,44,0,0
2025-11-20,Cardiology,23,4,7,12
2025-11-20,Neurology,47,12,21,14
2025-11-20,Orthopedics,40,13,19,8
2025-11-20,General,37,6,15,16
2025-11-20,Emergency,43,43,0,0
2025-11-21,Cardiology,25,5,10,10
2025-11-21,Neurology,52,18,18,16
2025-11-21,Orthopedics,43,5,25,13
2025-11-21,General,54,21,22,11
2025-11-21,Emergency,55,55,0,0
2025-11-22,Cardiology,27,6,12,9
2025-11-22,Neurology,19,4,8,7
2025-11-22,Orthopedics,28,6,14,8
2025-11-22,General,29,9,9,11
2025-11-22,Emergency,49,49,0,0
2025-11-23,Cardiology,15,5,6,4
2025-11-23,Neurology,21,4,10,7
2025-11-23,Orthopedics,10,2,4,4
2025-11-23,General,21,4,10,7
2025-11-23,Emergency,67,67,0,0
2025-11-24,Cardiology,19,7,7,5
2025-11-24,Neurology,34,4,21,9
2025-11-24,Orthopedics,33,8,9,16
2025-11-24,General,17,4,8,5
2025-11-24,Emergency,53,53,0,0
2025-11-25,Cardiology,23,6,8,9
2025-11-25,Neurology,25,6,9,10
2025-11-25,Orthopedics,54,8,16,30
2025-11-25,General,27,2,12,13
2025-11-25,Emergency,47,47,0,0
2025-11-26,Cardiology,43,15,13,15
2025-11-26,Neurology,13,4,6,3
2025-11-26,Orthopedics,47,8,25,14
2025-11-26,General,45,8,20,17
2025-11-26,Emergency,55,55,0,0
2025-11-27,Cardiology,44,14,18,12
2025-11-27,Neurology,40,7,16,17
2025-11-27,Orthopedics,42,15,10,17
2025-11-27,General,33,7,15,11
2025-11-27,Emergency,34,34,0,0
2025-11-28,Cardiology,54,15,24,15
2025-11-28,Neurology,43,6,18,19
2025-11-28,Orthopedics,35,6,13,16
2025-11-28,General,42,13,15,14
2025-11-28,Emergency,57,57,0,0
2025-11-29,Cardiology,12,2,6,4
2025-11-29,Neurology,9,2,5,2
2025-11-29,Orthopedics,13,4,6,3
2025-11-29,General,21,5,11,5
2025-11-29,Emergency,72,72,0,0
2025-11-30,Cardiology,11,3,4,4
2025-11-30,Neurology,25,9,11,5
2025-11-30,Orthopedics,17,4,8,5
2025-11-30,General,23,4,10,9
2025-11-30,Emergency,51,51,0,0
2025-12-01,Cardiology,16,2,8,6
2025-12-01,Neurology,51,5,23,23
2025-12-01,Orthopedics,40,10,14,16
2025-12-01,General,39,10,10,19
2025-12-01,Emergency,72,72,0,0
2025-12-02,Cardiology,33,8,18,7
2025-12-02,Neurology,25,6,11,8
2025-12-02,Orthopedics,40,13,10,17
2025-12-02,General,48,7,28,13
2025-12-02,Emergency,54,54,0,0
2025-12-03,Cardiology,15,2,6,7
2025-12-03,Neurology,28,6,11,11
2025-12-03,Orthopedics,20,3,11,6
2025-12-03,General,47,7,23,17
2025-12-03,Emergency,80,80,0,0
2025-12-04,Cardiology,32,11,11,10
2025-12-04,Neurology,33,7,11,15
2025-12-04,Orthopedics,42,11,17,14
2025-12-04,General,32,12,9,11
2025-12-04,Emergency,53,53,0,0
2025-12-05,Cardiology,49,14,20,15
2025-12-05,Neurology,54,11,18,25
2025-12-05,Orthopedics,48,7,16,25
2025-12-05,General,51,12,19,20
2025-12-05,Emergency,44,44,0,0
2025-12-06,Cardiology,8,2,4,2
2025-12-06,Neurology,10,1,5,4
2025-12-06,Orthopedics,15,2,6,7
2025-12-06,General,21,5,8,8
2025-12-06,Emergency,52,52,0,0
2025-12-07,Cardiology,29,11,12,6
2025-12-07,Neurology,16,2,5,9
2025-12-07,Orthopedics,8,1,4,3
2025-12-07,General,29,7,9,13
2025-12-07,Emergency,43,43,0,0
2025-12-08,Cardiology,43,7,20,16
2025-12-08,Neurology,43,7,24,12
2025-12-08,Orthopedics,13,4,5,4
2025-12-08,General,41,8,23,10
2025-12-08,Emergency,69,69,0,0
2025-12-09,Cardiology,16,5,4,7
2025-12-09,Neurology,37,7,13,17
2025-12-09,Orthopedics,17,3,5,9
2025-12-09,General,19,5,10,4
2025-12-09,Emergency,38,38,0,0
2025-12-10,Cardiology,25,8,7,10
2025-12-10,Neurology,33,3,12,18
2025-12-10,Orthopedics,33,4,14,15
2025-12-10,General,14,1,7,6
2025-12-10,Emergency,41,41,0,0
2025-12-11,Cardiology,53,9,14,30
2025-12-11,Neurology,27,10,10,7
2025-12-11,Orthopedics,33,4,17,12
2025-12-11,General,50,17,12,21
2025-12-11,Emergency,49,49,0,0
2025-12-12,Cardiology,51,13,27,11
2025-12-12,Neurology,39,12,12,15
2025-12-12,Orthopedics,50,13,18,19
2025-12-12,General,39,10,10,19
2025-12-12,Emergency,61,61,0,0
2025-12-13,Cardiology,6,1,4,1
2025-12-13,Neurology,32,9,7,16
2025-12-13,Orthopedics,19,2,7,10
2025-12-13,General,10,1,5,4
2025-12-13,Emergency,63,63,0,0
2025-12-14,Cardiology,20,7,5,8
2025-12-14,Neurology,11,2,7,2
2025-12-14,Orthopedics,9,2,5,2
2025-12-14,General,12,4,3,5
2025-12-14,Emergency,51,51,0,0
2025-12-15,Cardiology,34,3,13,18
2025-12-15,Neurology,51,9,25,17
2025-12-15,Orthopedics,43,13,11,19
2025-12-15,General,29,5,16,8
2025-12-15,Emergency,58,58,0,0
2025-12-16,Cardiology,19,3,9,7
2025-12-16,Neurology,45,6,25,14
2025-12-16,Orthopedics,43,15,10,18
2025-12-16,General,45,12,12,21
2025-12-16,Emergency,36,36,0,0
2025-12-17,Cardiology,56,16,13,27
2025-12-17,Neurology,20,5,11,4
2025-12-17,Orthopedics,45,14,21,10
2025-12-17,General,19,2,10,7
2025-12-17,Emergency,26,26,0,0
2025-12-18,Cardiology,41,13,9,19
2025-12-18,Neurology,47,9,12,26
2025-12-18,Orthopedics,36,10,19,7
2025-12-18,General,33,4,14,15
2025-12-18,Emergency,65,65,0,0
2025-12-19,Cardiology,27,10,10,7
2025-12-19,Neurology,27,10,10,7
2025-12-19,Orthopedics,28,7,10,11
2025-12-19,General,19,3,11,5
2025-12-19,Emergency,66,66,0,0
2025-12-20,Cardiology,17,2,11,4
2025-12-20,Neurology,30,11,8,11
2025-12-20,Orthopedics,16,2,9,5
2025-12-20,General,26,6,9,11
2025-12-20,Emergency,41,41,0,0
2025-12-21,Cardiology,29,6,13,10
2025-12-21,Neurology,29,5,12,12
2025-12-21,Orthopedics,11,3,4,4
2025-12-21,General,6,2,2,2
2025-12-21,Emergency,37,37,0,0
2025-12-22,Cardiology,31,6,11,14
2025-12-22,Neurology,53,14,27,12
2025-12-22,Orthopedics,46,5,23,18
2025-12-22,General,47,18,19,10
2025-12-22,Emergency,71,71,0,0
2025-12-23,Cardiology,51,11,28,12
2025-12-23,Neurology,40,5,21,14
2025-12-23,Orthopedics,18,1,6,11
2025-12-23,General,19,5,7,7
2025-12-23,Emergency,63,63,0,0
2025-12-24,Cardiology,15,3,9,3
2025-12-24,Neurology,24,4,13,7
2025-12-24,Orthopedics,37,8,15,14
2025-12-24,General,20,2,6,12
2025-12-24,Emergency,40,40,0,0
2025-12-25,Cardiology,47,10,19,18
2025-12-25,Neurology,16,5,6,5
2025-12-25,Orthopedics,42,4,18,20
2025-12-25,General,45,10,15,20
2025-12-25,Emergency,63,63,0,0
2025-12-26,Cardiology,40,10,14,16
2025-12-26,Neurology,24,3,13,8
2025-12-26,Orthopedics,39,4,24,11
2025-12-26,General,43,5,26,12
2025-12-26,Emergency,71,71,0,0
2025-12-27,Cardiology,19,2,10,7
2025-12-27,Neurology,16,3,9,4
2025-12-27,Orthopedics,30,10,11,9
2025-12-27,General,25,3,14,8
2025-12-27,Emergency,32,32,0,0
2025-12-28,Cardiology,12,2,5,5
2025-12-28,Neurology,20,4,6,10
2025-12-28,Orthopedics,20,3,9,8
2025-12-28,General,16,4,8,4
2025-12-28,Emergency,40,40,0,0
2025-12-29,Cardiology,23,6,8,9
2025-12-29,Neurology,15,4,5,6
2025-12-29,Orthopedics,41,5,22,14
2025-12-29,General,45,8,15,22
2025-12-29,Emergency,45,45,0,0
2025-12-30,Cardiology,54,18,17,19
2025-12-30,Neurology,22,3,10,9
2025-12-30,Orthopedics,35,7,18,10
2025-12-30,General,51,16,20,15
2025-12-30,Emergency,69,69,0,0
2025-12-31,Cardiology,39,8,21,10
2025-12-31,Neurology,18,7,6,5
2025-12-31,Orthopedics,27,4,12,11
2025-12-31,General,31,9,10,12
2025-12-31,Emergency,60,60,0,0
2026-01-01,Cardiology,47,5,29,13
2026-01-01,Neurology,24,2,14,8
2026-01-01,Orthopedics,33,6,19,8
2026-01-01,General,51,20,11,20
2026-01-01,Emergency,49,49,0,0
2026-01-02,Cardiology,33,11,10,12
2026-01-02,Neurology,34,11,12,11
2026-01-02,Orthopedics,29,4,9,16
2026-01-02,General,49,16,19,14
2026-01-02,Emergency,68,68,0,0
2026-01-03,Cardiology,15,5,6,4
2026-01-03,Neurology,26,5,8,13
2026-01-03,Orthopedics,13,2,5,6
2026-01-03,General,25,6,12,7
2026-01-03,Emergency,67,67,0,0
2026-01-04,Cardiology,20,5,7,8
2026-01-04,Neurology,18,3,11,4
2026-01-04,Orthopedics,13,4,5,4
2026-01-04,General,23,5,11,7
2026-01-04,Emergency,48,48,0,0
2026-01-05,Cardiology,24,4,9,11
2026-01-05,Neurology,22,2,8,12
2026-01-05,Orthopedics,41,13,19,9
2026-01-05,General,18,1,11,6
2026-01-05,Emergency,60,60,0,0
2026-01-06,Cardiology,22,2,12,8
2026-01-06,Neurology,26,6,7,13
2026-01-06,Orthopedics,29,7,7,15
2026-01-06,General,40,15,10,15
2026-01-06,Emergency,30,30,0,0
2026-01-07,Cardiology,35,13,8,14
2026-01-07,Neurology,18,5,6,7
2026-01-07,Orthopedics,49,12,23,14
2026-01-07,General,47,8,19,20
2026-01-07,Emergency,40,40,0,0
2026-01-08,Cardiology,28,11,9,8
2026-01-08,Neurology,39,4,24,11
2026-01-08,Orthopedics,49,17,11,21
2026-01-08,General,31,6,14,11
2026-01-08,Emergency,52,52,0,0
2026-01-09,Cardiology,44,9,24,11
2026-01-09,Neurology,36,9,15,12
2026-01-09,Orthopedics,30,10,12,8
2026-01-09,General,22,5,6,11
2026-01-09,Emergency,57,57,0,0
2026-01-10,Cardiology,23,4,13,6
2026-01-10,Neurology,20,7,6,7
2026-01-10,Orthopedics,30,9,11,10
2026-01-10,General,17,2,10,5
2026-01-10,Emergency,65,65,0,0
2026-01-11,Cardiology,25,7,10,8
2026-01-11,Neurology,15,3,4,8
2026-01-11,Orthopedics,30,3,17,10
2026-01-11,General,27,9,12,6
2026-01-11,Emergency,33,33,0,0
2026-01-12,Cardiology,19,6,9,4
2026-01-12,Neurology,26,5,11,10
2026-01-12,Orthopedics,32,7,11,14
2026-01-12,General,53,12,17,24
2026-01-12,Emergency,34,34,0,0
2026-01-13,Cardiology,38,15,10,13
2026-01-13,Neurology,44,13,19,12
2026-01-13,Orthopedics,47,7,17,23
2026-01-13,General,41,5,17,19
2026-01-13,Emergency,75,75,0,0
2026-01-14,Cardiology,19,7,5,7
2026-01-14,Neurology,20,4,7,9
2026-01-14,Orthopedics,20,6,10,4
2026-01-14,General,14,3,8,3
2026-01-14,Emergency,61,61,0,0
2026-01-15,Cardiology,24,5,11,8
2026-01-15,Neurology,19,7,8,4
2026-01-15,Orthopedics,58,22,19,17
2026-01-15,General,41,11,19,11
2026-01-15,Emergency,50,50,0,0
2026-01-16,Cardiology,22,6,7,9
2026-01-16,Neurology,31,8,8,15
2026-01-16,Orthopedics,50,12,12,26
2026-01-16,General,43,8,25,10
2026-01-16,Emergency,75,75,0,0
2026-01-17,Cardiology,18,2,7,9
2026-01-17,Neurology,16,2,6,8
2026-01-17,Orthopedics,23,6,12,5
2026-01-17,General,35,8,15,12
2026-01-17,Emergency,32,32,0,0
2026-01-18,Cardiology,24,8,10,6
2026-01-18,Neurology,21,4,7,10
2026-01-18,Orthopedics,16,4,5,7
2026-01-18,General,21,3,13,5
2026-01-18,Emergency,62,62,0,0
2026-01-19,Cardiology,33,4,14,15
2026-01-19,Neurology,53,10,26,17
2026-01-19,Orthopedics,20,5,6,9
2026-01-19,General,13,3,7,3
2026-01-19,Emergency,60,60,0,0
2026-01-20,Cardiology,42,12,14,16
2026-01-20,Neurology,26,3,9,14
2026-01-20,Orthopedics,31,8,11,12
2026-01-20,General,18,6,6,6
2026-01-20,Emergency,59,59,0,0
2026-01-21,Cardiology,32,3,18,11
2026-01-21,Neurology,40,6,23,11
2026-01-21,Orthopedics,32,8,17,7
2026-01-21,General,25,3,12,10
2026-01-21,Emergency,39,39,0,0
2026-01-22,Cardiology,52,14,22,16
2026-01-22,Neurology,44,15,15,14
2026-01-22,Orthopedics,47,11,24,12
2026-01-22,General,16,4,8,4
2026-01-22,Emergency,62,62,0,0
2026-01-23,Cardiology,48,6,21,21
2026-01-23,Neurology,27,8,13,6
2026-01-23,Orthopedics,17,2,6,9
2026-01-23,General,49,13,22,14
2026-01-23,Emergency,74,74,0,0
2026-01-24,Cardiology,22,4,7,11
2026-01-24,Neurology,14,4,7,3
2026-01-24,Orthopedics,20,2,6,12
2026-01-24,General,16,3,9,4
2026-01-24,Emergency,36,36,0,0
2026-01-25,Cardiology,19,2,7,10
2026-01-25,Neurology,26,4,11,11
2026-01-25,Orthopedics,25,6,9,10
2026-01-25,General,30,9,7,14
2026-01-25,Emergency,45,45,0,0
2026-01-26,Cardiology,42,7,15,20
2026-01-26,Neurology,33,9,11,13
2026-01-26,Orthopedics,47,10,26,11
2026-01-26,General,37,14,11,12
2026-01-26,Emergency,54,54,0,0
2026-01-27,Cardiology,51,10,25,16
2026-01-27,Neurology,42,13,11,18
2026-01-27,Orthopedics,47,10,25,12
2026-01-27,General,36,12,9,15
2026-01-27,Emergency,52,52,0,0
2026-01-28,Cardiology,15,5,7,3
2026-01-28,Neurology,24,8,9,7
2026-01-28,Orthopedics,31,10,15,6
2026-01-28,General,46,16,20,10
2026-01-28,Emergency,73,73,0,0
2026-01-29,Cardiology,52,13,17,22
2026-01-29,Neurology,35,4,15,16
2026-01-29,Orthopedics,28,9,10,9
2026-01-29,General,49,5,14,30
2026-01-29,Emergency,58,58,0,0
2026-01-30,Cardiology,36,11,17,8
2026-01-30,Neurology,61,9,26,26
2026-01-30,Orthopedics,16,2,10,4
2026-01-30,General,49,18,19,12
2026-01-30,Emergency,28,28,0,0
2026-01-31,Cardiology,14,1,7,6
2026-01-31,Neurology,33,10,14,9
2026-01-31,Orthopedics,32,9,13,10
2026-01-31,General,23,6,11,6
2026-01-31,Emergency,64,64,0,0
2026-02-01,Cardiology,18,2,7,9
2026-02-01,Neurology,24,7,12,5
2026-02-01,Orthopedics,26,5,11,10
2026-02-01,General,26,4,9,13
2026-02-01,Emergency,49,49,0,0
2026-02-02,Cardiology,49,11,16,22
2026-02-02,Neurology,30,9,9,12
2026-02-02,Orthopedics,23,9,8,6
2026-02-02,General,29,6,11,12
2026-02-02,Emergency,63,63,0,0
2026-02-03,Cardiology,40,8,15,17
2026-02-03,Neurology,37,6,12,19
2026-02-03,Orthopedics,45,5,26,14
2026-02-03,General,26,8,9,9
2026-02-03,Emergency,72,72,0,0
2026-02-04,Cardiology,27,7,14,6
2026-02-04,Neurology,28,4,15,9
2026-02-04,Orthopedics,49,14,22,13
2026-02-04,General,29,3,18,8
2026-02-04,Emergency,50,50,0,0
2026-02-05,Cardiology,30,9,14,7
2026-02-05,Neurology,52,16,25,11
2026-02-05,Orthopedics,56,17,14,25
2026-02-05,General,27,9,9,9
2026-02-05,Emergency,71,71,0,0
2026-02-06,Cardiology,39,13,10,16
2026-02-06,Neurology,30,10,13,7
2026-02-06,Orthopedics,32,6,11,15
2026-02-06,General,50,13,20,17
2026-02-06,Emergency,63,63,0,0
2026-02-07,Cardiology,17,2,7,8
2026-02-07,Neurology,29,5,9,15
2026-02-07,Orthopedics,19,5,10,4
2026-02-07,General,30,11,11,8
2026-02-07,Emergency,49,49,0,0
2026-02-08,Cardiology,24,5,8,11
2026-02-08,Neurology,22,4,8,10
2026-02-08,Orthopedics,32,8,8,16
2026-02-08,General,18,4,10,4
2026-02-08,Emergency,42,42,0,0
2026-02-09,Cardiology,25,9,9,7
2026-02-09,Neurology,54,17,15,22
2026-02-09,Orthopedics,51,13,24,14
2026-02-09,General,56,10,24,22
2026-02-09,Emergency,68,68,0,0
2026-02-10,Cardiology,17,2,6,9
2026-02-10,Neurology,51,13,17,21
2026-02-10,Orthopedics,41,5,19,17
2026-02-10,General,40,13,18,9
2026-02-10,Emergency,27,27,0,0
2026-02-11,Cardiology,39,5,12,22
2026-02-11,Neurology,18,3,10,5
2026-02-11,Orthopedics,24,7,7,10
2026-02-11,General,22,6,7,9
2026-02-11,Emergency,66,66,0,0
2026-02-12,Cardiology,53,8,15,30
2026-02-12,Neurology,30,4,19,7
2026-02-12,Orthopedics,50,6,31,13
2026-02-12,General,49,19,15,15
2026-02-12,Emergency,36,36,0,0
2026-02-13,Cardiology,27,8,8,11
2026-02-13,Neurology,20,4,11,5
2026-02-13,Orthopedics,17,2,7,8
2026-02-13,General,25,9,9,7
2026-02-13,Emergency,66,66,0,0
2026-02-14,Cardiology,25,8,6,11
2026-02-14,Neurology,20,2,12,6
2026-02-14,Orthopedics,33,6,9,18
2026-02-14,General,26,8,8,10
2026-02-14,Emergency,54,54,0,0
2026-02-15,Cardiology,27,3,14,10
2026-02-15,Neurology,12,3,6,3
2026-02-15,Orthopedics,34,9,16,9
2026-02-15,General,27,3,16,8
2026-02-15,Emergency,50,50,0,0
2026-02-16,Cardiology,43,7,24,12
2026-02-16,Neurology,50,19,21,10
2026-02-16,Orthopedics,25,9,6,10
2026-02-16,General,25,4,11,10
2026-02-16,Emergency,52,52,0,0
2026-02-17,Cardiology,51,16,20,15
2026-02-17,Neurology,14,5,6,3
2026-02-17,Orthopedics,36,8,14,14
2026-02-17,General,31,11,12,8
2026-02-17,Emergency,65,65,0,0
2026-02-18,Cardiology,28,7,7,14
2026-02-18,Neurology,59,12,25,22
2026-02-18,Orthopedics,40,13,19,8
2026-02-18,General,47,13,14,20
2026-02-18,Emergency,53,53,0,0
2026-02-19,Cardiology,31,9,9,13
2026-02-19,Neurology,29,6,12,11
2026-02-19,Orthopedics,45,16,13,16
2026-02-19,General,16,3,7,6
2026-02-19,Emergency,73,73,0,0
2026-02-20,Cardiology,22,6,12,4
2026-02-20,Neurology,42,11,18,13
2026-02-20,Orthopedics,47,16,19,12
2026-02-20,General,22,5,6,11
2026-02-20,Emergency,32,32,0,0
2026-02-21,Cardiology,18,4,6,8
2026-02-21,Neurology,17,4,8,5
2026-02-21,Orthopedics,20,6,10,4
2026-02-21,General,11,3,6,2
2026-02-21,Emergency,35,35,0,0
2026-02-22,Cardiology,26,7,8,11
2026-02-22,Neurology,24,5,6,13
2026-02-22,Orthopedics,23,4,7,12
2026-02-22,General,27,3,10,14
2026-02-22,Emergency,50,50,0,0
2026-02-23,Cardiology,24,7,12,5
2026-02-23,Neurology,28,3,17,8
2026-02-23,Orthopedics,35,10,14,11
2026-02-23,General,21,4,10,7
2026-02-23,Emergency,74,74,0,0
2026-02-24,Cardiology,24,4,10,10
2026-02-24,Neurology,32,12,8,12
2026-02-24,Orthopedics,49,17,19,13
2026-02-24,General,54,6,17,31
2026-02-24,Emergency,75,75,0,0
2026-02-25,Cardiology,27,8,7,12
2026-02-25,Neurology,33,6,10,17
2026-02-25,Orthopedics,25,8,7,10
2026-02-25,General,28,5,12,11
2026-02-25,Emergency,83,83,0,0
2026-02-26,Cardiology,56,15,26,15
2026-02-26,Neurology,25,3,11,11
2026-02-26,Orthopedics,23,7,8,8
2026-02-26,General,25,5,11,9
2026-02-26,Emergency,67,67,0,0
2026-02-27,Cardiology,57,16,15,26
2026-02-27,Neurology,32,6,15,11
2026-02-27,Orthopedics,48,6,19,23
2026-02-27,General,41,12,19,10
2026-02-27,Emergency,67,67,0,0
2026-02-28,Cardiology,20,5,10,5
2026-02-28,Neurology,15,5,4,6
2026-02-28,Orthopedics,16,3,8,5
2026-02-28,General,18,4,7,7
2026-02-28,Emergency,62,62,0,0
2026-03-01,Cardiology,18,2,7,9
2026-03-01,Neurology,29,6,8,15
2026-03-01,Orthopedics,28,3,14,11
2026-03-01,General,16,5,6,5
2026-03-01,Emergency,65,65,0,0
2026-03-02,Cardiology,20,5,9,6
2026-03-02,Neurology,39,4,25,10
2026-03-02,Orthopedics,22,2,14,6
2026-03-02,General,30,11,9,10
2026-03-02,Emergency,66,66,0,0
2026-03-03,Cardiology,40,14,8,18
2026-03-03,Neurology,38,9,9,20
2026-03-03,Orthopedics,26,6,7,13
2026-03-03,General,28,8,11,9
2026-03-03,Emergency,43,43,0,0
2026-03-04,Cardiology,28,10,6,12
2026-03-04,Neurology,25,9,8,8
2026-03-04,Orthopedics,47,16,17,14
2026-03-04,General,46,8,22,16
2026-03-04,Emergency,51,51,0,0
2026-03-05,Cardiology,60,16,22,22
2026-03-05,Neurology,30,11,14,5
2026-03-05,Orthopedics,35,8,16,11
2026-03-05,General,55,20,24,11
2026-03-05,Emergency,48,48,0,0
2026-03-06,Cardiology,45,14,15,16
2026-03-06,Neurology,55,10,25,20
2026-03-06,Orthopedics,50,9,24,17
2026-03-06,General,43,15,14,14
2026-03-06,Emergency,44,44,0,0
2026-03-07,Cardiology,15,3,8,4
2026-03-07,Neurology,18,6,6,6
2026-03-07,Orthopedics,32,9,13,10
2026-03-07,General,29,9,7,13
2026-03-07,Emergency,58,58,0,0
2026-03-08,Cardiology,18,3,5,10
2026-03-08,Neurology,19,2,11,6
2026-03-08,Orthopedics,12,3,6,3
2026-03-08,General,35,12,11,12
2026-03-08,Emergency,38,38,0,0
2026-03-09,Cardiology,54,10,27,17
2026-03-09,Neurology,39,7,22,10
2026-03-09,Orthopedics,58,15,17,26
2026-03-09,General,36,9,10,17
2026-03-09,Emergency,50,50,0,0
2026-03-10,Cardiology,47,9,22,16
2026-03-10,Neurology,55,20,23,12
2026-03-10,Orthopedics,27,5,9,13
2026-03-10,General,37,8,20,9
2026-03-10,Emergency,30,30,0,0
2026-03-11,Cardiology,45,6,18,21
2026-03-11,Neurology,40,6,21,13
2026-03-11,Orthopedics,29,5,16,8
2026-03-11,General,25,5,7,13
2026-03-11,Emergency,53,53,0,0
2026-03-12,Cardiology,26,8,7,11
2026-03-12,Neurology,39,8,12,19
2026-03-12,Orthopedics,57,11,26,20
2026-03-12,General,56,16,24,16
2026-03-12,Emergency,72,72,0,0
2026-03-13,Cardiology,50,14,13,23
2026-03-13,Neurology,49,14,15,20
2026-03-13,Orthopedics,56,18,27,11
2026-03-13,General,53,17,21,15
2026-03-13,Emergency,74,74,0,0
2026-03-14,Cardiology,28,8,7,13
2026-03-14,Neurology,27,10,9,8
2026-03-14,Orthopedics,20,4,9,7
2026-03-14,General,31,8,11,12
2026-03-14,Emergency,91,91,0,0
2026-03-15,Cardiology,22,7,5,10
2026-03-15,Neurology,15,4,5,6
2026-03-15,Orthopedics,17,4,8,5
2026-03-15,General,28,9,12,7
2026-03-15,Emergency,47,47,0,0
2026-03-16,Cardiology,21,3,10,8
2026-03-16,Neurology,46,17,15,14
2026-03-16,Orthopedics,22,7,6,9
2026-03-16,General,33,5,14,14
2026-03-16,Emergency,39,39,0,0
2026-03-17,Cardiology,33,9,8,16
2026-03-17,Neurology,50,11,17,22
2026-03-17,Orthopedics,29,4,14,11
2026-03-17,General,50,5,16,29
2026-03-17,Emergency,73,73,0,0
2026-03-18,Cardiology,44,16,12,16
2026-03-18,Neurology,63,22,19,22
2026-03-18,Orthopedics,38,12,14,12
2026-03-18,General,34,4,10,20
2026-03-18,Emergency,80,80,0,0
2026-03-19,Cardiology,61,11,32,18
2026-03-19,Neurology,37,5,15,17
2026-03-19,Orthopedics,27,10,8,9
2026-03-19,General,24,4,10,10
2026-03-19,Emergency,41,41,0,0
2026-03-20,Cardiology,27,4,14,9
2026-03-20,Neurology,55,14,13,28
2026-03-20,Orthopedics,41,5,25,11
2026-03-20,General,17,2,8,7
2026-03-20,Emergency,58,58,0,0
2026-03-21,Cardiology,34,13,13,8
2026-03-21,Neurology,17,3,9,5
2026-03-21,Orthopedics,35,5,19,11
2026-03-21,General,28,5,13,10
2026-03-21,Emergency,53,53,0,0
2026-03-22,Cardiology,25,8,9,8
2026-03-22,Neurology,32,10,15,7
2026-03-22,Orthopedics,21,4,9,8
2026-03-22,General,30,9,14,7
2026-03-22,Emergency,56,56,0,0
2026-03-23,Cardiology,53,19,12,22
2026-03-23,Neurology,45,13,19,13
2026-03-23,Orthopedics,34,9,11,14
2026-03-23,General,42,7,16,19
2026-03-23,Emergency,75,75,0,0
2026-03-24,Cardiology,54,15,14,25
2026-03-24,Neurology,40,12,11,17
2026-03-24,Orthopedics,37,11,10,16
2026-03-24,General,39,6,17,16
2026-03-24,Emergency,42,42,0,0
2026-03-25,Cardiology,35,8,19,8
2026-03-25,Neurology,23,5,8,10
2026-03-25,Orthopedics,45,8,18,19
2026-03-25,General,26,6,7,13
2026-03-25,Emergency,67,67,0,0
2026-03-26,Cardiology,47,16,13,18
2026-03-26,Neurology,30,4,9,17
2026-03-26,Orthopedics,48,16,18,14
2026-03-26,General,48,5,23,20
2026-03-26,Emergency,49,49,0,0
2026-03-27,Cardiology,35,11,13,11
2026-03-27,Neurology,24,7,6,11
2026-03-27,Orthopedics,49,15,16,18
2026-03-27,General,26,4,10,12
2026-03-27,Emergency,58,58,0,0
2026-03-28,Cardiology,20,2,7,11
2026-03-28,Neurology,14,4,6,4
2026-03-28,Orthopedics,19,6,6,7
2026-03-28,General,18,2,11,5
2026-03-28,Emergency,83,83,0,0
2026-03-29,Cardiology,21,3,7,11
2026-03-29,Neurology,34,3,15,16
2026-03-29,Orthopedics,21,5,6,10
2026-03-29,General,25,8,8,9
2026-03-29,Emergency,63,63,0,0
2026-03-30,Cardiology,35,12,10,13
2026-03-30,Neurology,62,16,28,18
2026-03-30,Orthopedics,25,6,10,9
2026-03-30,General,45,15,12,18
2026-03-30,Emergency,60,60,0,0
2026-03-31,Cardiology,38,6,14,18
2026-03-31,Neurology,54,14,23,17
2026-03-31,Orthopedics,57,17,20,20
2026-03-31,General,32,8,12,12
2026-03-31,Emergency,69,69,0,0
2026-04-01,Cardiology,24,5,11,8
2026-04-01,Neurology,34,5,12,17
2026-04-01,Orthopedics,35,9,17,9
2026-04-01,General,31,6,9,16
2026-04-01,Emergency,53,53,0,0
2026-04-02,Cardiology,55,15,24,16
2026-04-02,Neurology,53,21,10,22
2026-04-02,Orthopedics,27,4,13,10
2026-04-02,General,45,7,16,22
2026-04-02,Emergency,45,45,0,0
2026-04-03,Cardiology,23,7,8,8
2026-04-03,Neurology,44,11,22,11
2026-04-03,Orthopedics,54,8,21,25
2026-04-03,General,53,17,23,13
2026-04-03,Emergency,57,57,0,0
2026-04-04,Cardiology,13,2,6,5
2026-04-04,Neurology,31,3,11,17
2026-04-04,Orthopedics,25,5,12,8
2026-04-04,General,28,5,15,8
2026-04-04,Emergency,79,79,0,0
2026-04-05,Cardiology,22,5,11,6
2026-04-05,Neurology,30,9,10,11
2026-04-05,Orthopedics,22,4,7,11
2026-04-05,General,25,7,13,5
2026-04-05,Emergency,57,57,0,0
2026-04-06,Cardiology,30,11,13,6
2026-04-06,Neurology,30,3,15,12
2026-04-06,Orthopedics,58,21,15,22
2026-04-06,General,31,5,8,18
2026-04-06,Emergency,79,79,0,0
2026-04-07,Cardiology,56,21,21,14
2026-04-07,Neurology,51,11,28,12
2026-04-07,Orthopedics,32,3,12,17
2026-04-07,General,45,15,14,16
2026-04-07,Emergency,70,70,0,0
2026-04-08,Cardiology,31,12,13,6
2026-04-08,Neurology,26,3,16,7
2026-04-08,Orthopedics,47,9,15,23
2026-04-08,General,22,7,9,6
2026-04-08,Emergency,53,53,0,0
2026-04-09,Cardiology,51,6,31,14
2026-04-09,Neurology,42,4,26,12
2026-04-09,Orthopedics,48,17,20,11
2026-04-09,General,23,6,8,9
2026-04-09,Emergency,51,51,0,0
2026-04-10,Cardiology,55,11,28,16
2026-04-10,Neurology,43,4,24,15
2026-04-10,Orthopedics,41,8,14,19
2026-04-10,General,51,14,25,12
2026-04-10,Emergency,78,78,0,0
2026-04-11,Cardiology,17,5,7,5
2026-04-11,Neurology,18,4,8,6
2026-04-11,Orthopedics,25,5,11,9
2026-04-11,General,38,6,13,19
2026-04-11,Emergency,53,53,0,0
2026-04-12,Cardiology,22,4,7,11
2026-04-12,Neurology,25,9,8,8
2026-04-12,Orthopedics,29,3,13,13
2026-04-12,General,22,5,11,6
2026-04-12,Emergency,46,46,0,0
2026-04-13,Cardiology,36,8,9,19
2026-04-13,Neurology,52,13,15,24
2026-04-13,Orthopedics,20,2,10,8
2026-04-13,General,24,8,11,5
2026-04-13,Emergency,63,63,0,0
2026-04-14,Cardiology,38,8,19,11
2026-04-14,Neurology,49,18,15,16
2026-04-14,Orthopedics,59,17,20,22
2026-04-14,General,62,8,27,27
2026-04-14,Emergency,74,74,0,0
2026-04-15,Cardiology,39,15,16,8
2026-04-15,Neurology,60,14,32,14
2026-04-15,Orthopedics,44,6,12,26
2026-04-15,General,47,6,17,24
2026-04-15,Emergency,56,56,0,0
2026-04-16,Cardiology,31,3,12,16
2026-04-16,Neurology,22,2,8,12
2026-04-16,Orthopedics,25,3,14,8
2026-04-16,General,52,17,16,19
2026-04-16,Emergency,37,37,0,0
2026-04-17,Cardiology,30,8,9,13
2026-04-17,Neurology,39,6,20,13
2026-04-17,Orthopedics,47,11,15,21
2026-04-17,General,57,11,32,14
2026-04-17,Emergency,60,60,0,0
2026-04-18,Cardiology,39,6,22,11
2026-04-18,Neurology,22,7,8,7
2026-04-18,Orthopedics,36,5,16,15
2026-04-18,General,23,6,12,5
2026-04-18,Emergency,38,38,0,0
2026-04-19,Cardiology,25,7,9,9
2026-04-19,Neurology,15,5,6,4
2026-04-19,Orthopedics,28,4,16,8
2026-04-19,General,12,3,6,3
2026-04-19,Emergency,64,64,0,0
2026-04-20,Cardiology,37,9,12,16
2026-04-20,Neurology,24,7,7,10
2026-04-20,Orthopedics,21,4,9,8
2026-04-20,General,46,6,20,20
2026-04-20,Emergency,57,57,0,0
2026-04-21,Cardiology,59,13,18,28
2026-04-21,Neurology,37,12,14,11
2026-04-21,Orthopedics,60,12,30,18
2026-04-21,General,61,13,27,21
2026-04-21,Emergency,67,67,0,0
2026-04-22,Cardiology,37,9,15,13
2026-04-22,Neurology,25,9,6,10
2026-04-22,Orthopedics,27,10,11,6
2026-04-22,General,39,4,11,24
2026-04-22,Emergency,66,66,0,0
2026-04-23,Cardiology,28,8,10,10
2026-04-23,Neurology,51,6,23,22
2026-04-23,Orthopedics,60,19,28,13
2026-04-23,General,45,10,14,21
2026-04-23,Emergency,57,57,0,0
2026-04-24,Cardiology,50,17,13,20
2026-04-24,Neurology,45,8,16,21
2026-04-24,Orthopedics,49,6,20,23
2026-04-24,General,57,11,32,14
2026-04-24,Emergency,76,76,0,0
2026-04-25,Cardiology,21,4,11,6
2026-04-25,Neurology,19,5,10,4
2026-04-25,Orthopedics,21,4,9,8
2026-04-25,General,22,3,8,11
2026-04-25,Emergency,66,66,0,0
2026-04-26,Cardiology,17,4,7,6
2026-04-26,Neurology,31,6,14,11
2026-04-26,Orthopedics,31,9,13,9
2026-04-26,General,36,8,11,17
2026-04-26,Emergency,39,39,0,0
2026-04-27,Cardiology,39,8,16,15
2026-04-27,Neurology,29,6,12,11
2026-04-27,Orthopedics,54,5,27,22
2026-04-27,General,37,7,11,19
2026-04-27,Emergency,60,60,0,0
2026-04-28,Cardiology,26,5,8,13
2026-04-28,Neurology,48,9,16,23
2026-04-28,Orthopedics,45,5,13,27
2026-04-28,General,48,17,22,9
2026-04-28,Emergency,52,52,0,0
2026-04-29,Cardiology,32,9,16,7
2026-04-29,Neurology,19,3,10,6
2026-04-29,Orthopedics,37,5,14,18
2026-04-29,General,30,5,8,17
2026-04-29,Emergency,60,60,0,0
2026-04-30,Cardiology,43,6,18,19
2026-04-30,Neurology,42,9,14,19
2026-04-30,Orthopedics,33,8,13,12
2026-04-30,General,43,16,13,14
2026-04-30,Emergency,83,83,0,0
2026-05-01,Cardiology,36,4,14,18
2026-05-01,Neurology,40,6,22,12
2026-05-01,Orthopedics,51,8,14,29
2026-05-01,General,22,4,11,7
2026-05-01,Emergency,45,45,0,0
2026-05-02,Cardiology,36,5,17,14
2026-05-02,Neurology,30,6,9,15
2026-05-02,Orthopedics,32,9,10,13
2026-05-02,General,30,6,16,8
2026-05-02,Emergency,57,57,0,0
2026-05-03,Cardiology,21,6,9,6
2026-05-03,Neurology,34,6,13,15
2026-05-03,Orthopedics,31,5,17,9
2026-05-03,General,22,7,7,8
2026-05-03,Emergency,78,78,0,0
2026-05-04,Cardiology,56,5,19,32
2026-05-04,Neurology,57,12,25,20
2026-05-04,Orthopedics,37,11,14,12
2026-05-04,General,29,3,11,15
2026-05-04,Emergency,66,66,0,0
2026-05-05,Cardiology,27,8,12,7
2026-05-05,Neurology,53,15,16,22
2026-05-05,Orthopedics,40,11,18,11
2026-05-05,General,46,6,21,19
2026-05-05,Emergency,62,62,0,0
2026-05-06,Cardiology,56,19,24,13
2026-05-06,Neurology,42,12,18,12
2026-05-06,Orthopedics,27,5,13,9
2026-05-06,General,31,12,9,10
2026-05-06,Emergency,62,62,0,0
2026-05-07,Cardiology,46,16,18,12
2026-05-07,Neurology,57,14,16,27
2026-05-07,Orthopedics,45,11,22,12
2026-05-07,General,56,14,26,16
2026-05-07,Emergency,42,42,0,0
2026-05-08,Cardiology,49,10,16,23
2026-05-08,Neurology,28,5,13,10
2026-05-08,Orthopedics,56,17,20,19
2026-05-08,General,29,3,10,16
2026-05-08,Emergency,61,61,0,0
2026-05-09,Cardiology,26,9,10,7
2026-05-09,Neurology,20,4,8,8
2026-05-09,Orthopedics,37,10,15,12
2026-05-09,General,25,9,9,7
2026-05-09,Emergency,86,86,0,0
2026-05-10,Cardiology,18,3,9,6
2026-05-10,Neurology,34,8,13,13
2026-05-10,Orthopedics,20,4,8,8
2026-05-10,General,18,2,8,8
2026-05-10,Emergency,36,36,0,0
2026-05-11,Cardiology,45,4,23,18
2026-05-11,Neurology,37,4,13,20
2026-05-11,Orthopedics,53,12,24,17
2026-05-11,General,32,3,13,16
2026-05-11,Emergency,39,39,0,0
2026-05-12,Cardiology,52,8,20,24
2026-05-12,Neurology,24,4,9,11
2026-05-12,Orthopedics,28,8,11,9
2026-05-12,General,22,2,12,8
2026-05-12,Emergency,66,66,0,0
2026-05-13,Cardiology,58,10,21,27
2026-05-13,Neurology,19,4,6,9
2026-05-13,Orthopedics,50,12,27,11
2026-05-13,General,36,10,17,9
2026-05-13,Emergency,62,62,0,0
2026-05-14,Cardiology,41,11,13,17
2026-05-14,Neurology,55,19,17,19
2026-05-14,Orthopedics,54,6,31,17
2026-05-14,General,25,8,11,6
2026-05-14,Emergency,56,56,0,0
2026-05-15,Cardiology,61,20,19,22
2026-05-15,Neurology,55,14,22,19
2026-05-15,Orthopedics,27,7,7,13
2026-05-15,General,39,10,18,11
2026-05-15,Emergency,58,58,0,0
2026-05-16,Cardiology,17,5,5,7
2026-05-16,Neurology,24,4,10,10
2026-05-16,Orthopedics,26,8,12,6
2026-05-16,General,21,7,6,8
2026-05-16,Emergency,59,59,0,0
2026-05-17,Cardiology,17,6,6,5
2026-05-17,Neurology,36,4,18,14
2026-05-17,Orthopedics,19,2,10,7
2026-05-17,General,25,8,9,8
2026-05-17,Emergency,74,74,0,0
2026-05-18,Cardiology,52,17,24,11
2026-05-18,Neurology,51,19,14,18
2026-05-18,Orthopedics,48,10,23,15
2026-05-18,General,52,14,21,17
2026-05-18,Emergency,79,79,0,0
2026-05-19,Cardiology,30,3,18,9
2026-05-19,Neurology,56,10,31,15
2026-05-19,Orthopedics,37,11,14,12
2026-05-19,General,22,3,7,12
2026-05-19,Emergency,66,66,0,0
2026-05-20,Cardiology,37,4,20,13
2026-05-20,Neurology,40,9,20,11
2026-05-20,Orthopedics,38,7,22,9
2026-05-20,General,57,20,18,19
2026-05-20,Emergency,61,61,0,0
2026-05-21,Cardiology,51,7,21,23
2026-05-21,Neurology,24,5,11,8
2026-05-21,Orthopedics,52,13,13,26
2026-05-21,General,30,3,14,13
2026-05-21,Emergency,74,74,0,0
2026-05-22,Cardiology,24,8,11,5
2026-05-22,Neurology,58,8,18,32
2026-05-22,Orthopedics,38,9,17,12
2026-05-22,General,21,6,7,8
2026-05-22,Emergency,55,55,0,0
2026-05-23,Cardiology,35,6,20,9
2026-05-23,Neurology,15,2,7,6
2026-05-23,Orthopedics,35,12,15,8
2026-05-23,General,35,11,8,16
2026-05-23,Emergency,39,39,0,0
2026-05-24,Cardiology,13,4,3,6
2026-05-24,Neurology,20,6,10,4
2026-05-24,Orthopedics,23,4,13,6
2026-05-24,General,31,8,9,14
2026-05-24,Emergency,48,48,0,0
2026-05-25,Cardiology,32,7,12,13
2026-05-25,Neurology,37,10,19,8
2026-05-25,Orthopedics,40,11,15,14
2026-05-25,General,50,15,12,23
2026-05-25,Emergency,56,56,0,0
2026-05-26,Cardiology,54,9,27,18
2026-05-26,Neurology,55,13,19,23
2026-05-26,Orthopedics,39,12,15,12
2026-05-26,General,24,9,9,6
2026-05-26,Emergency,67,67,0,0
2026-05-27,Cardiology,27,3,17,7
2026-05-27,Neurology,30,11,12,7
2026-05-27,Orthopedics,53,17,13,23
2026-05-27,General,46,9,22,15
2026-05-27,Emergency,57,57,0,0
2026-05-28,Cardiology,62,8,32,22
2026-05-28,Neurology,34,5,10,19
2026-05-28,Orthopedics,47,10,16,21
2026-05-28,General,57,9,21,27
2026-05-28,Emergency,64,64,0,0
2026-05-29,Cardiology,50,5,25,20
2026-05-29,Neurology,51,5,32,14
2026-05-29,Orthopedics,38,4,16,18
2026-05-29,General,49,11,14,24
2026-05-29,Emergency,63,63,0,0
2026-05-30,Cardiology,25,7,12,6
2026-05-30,Neurology,35,13,7,15
2026-05-30,Orthopedics,27,10,12,5
2026-05-30,General,24,2,15,7
2026-05-30,Emergency,43,43,0,0
2026-05-31,Cardiology,27,3,8,16
2026-05-31,Neurology,32,10,15,7
2026-05-31,Orthopedics,29,7,12,10
2026-05-31,General,29,3,18,8
2026-05-31,Emergency,83,83,0,0
2026-06-01,Cardiology,36,7,16,13
2026-06-01,Neurology,27,6,7,14
2026-06-01,Orthopedics,26,5,12,9
2026-06-01,General,53,7,28,18
2026-06-01,Emergency,64,64,0,0
2026-06-02,Cardiology,38,4,17,17
2026-06-02,Neurology,39,10,17,12
2026-06-02,Orthopedics,47,16,21,10
2026-06-02,General,24,5,11,8
2026-06-02,Emergency,48,48,0,0
2026-06-03,Cardiology,49,16,17,16
2026-06-03,Neurology,54,10,21,23
2026-06-03,Orthopedics,52,17,16,19
2026-06-03,General,62,16,15,31
2026-06-03,Emergency,77,77,0,0
2026-06-04,Cardiology,25,9,7,9
2026-06-04,Neurology,46,12,22,12
2026-06-04,Orthopedics,43,9,17,17
2026-06-04,General,55,9,19,27
2026-06-04,Emergency,46,46,0,0
2026-06-05,Cardiology,52,7,20,25
2026-06-05,Neurology,40,5,18,17
2026-06-05,Orthopedics,56,19,22,15
2026-06-05,General,44,16,19,9
2026-06-05,Emergency,56,56,0,0
2026-06-06,Cardiology,38,4,24,10
2026-06-06,Neurology,41,8,15,18
2026-06-06,Orthopedics,38,4,18,16
2026-06-06,General,25,2,16,7
2026-06-06,Emergency,53,53,0,0
2026-06-07,Cardiology,33,4,11,18
2026-06-07,Neurology,18,3,9,6
2026-06-07,Orthopedics,26,5,10,11
2026-06-07,General,23,8,10,5
2026-06-07,Emergency,65,65,0,0
2026-06-08,Cardiology,58,11,33,14
2026-06-08,Neurology,57,22,20,15
2026-06-08,Orthopedics,32,11,13,8
2026-06-08,General,43,13,13,17
2026-06-08,Emergency,58,58,0,0
2026-06-09,Cardiology,49,9,21,19
2026-06-09,Neurology,35,3,22,10
2026-06-09,Orthopedics,25,6,14,5
2026-06-09,General,35,11,11,13
2026-06-09,Emergency,77,77,0,0
2026-06-10,Cardiology,39,12,19,8
2026-06-10,Neurology,51,11,16,24
2026-06-10,Orthopedics,40,15,14,11
2026-06-10,General,55,5,23,27
2026-06-10,Emergency,54,54,0,0
2026-06-11,Cardiology,34,6,15,13
2026-06-11,Neurology,54,15,28,11
2026-06-11,Orthopedics,34,8,13,13
2026-06-11,General,62,22,24,16
2026-06-11,Emergency,71,71,0,0
2026-06-12,Cardiology,66,20,33,13
2026-06-12,Neurology,40,5,24,11
2026-06-12,Orthopedics,35,3,16,16
2026-06-12,General,32,3,16,13
2026-06-12,Emergency,61,61,0,0
2026-06-13,Cardiology,36,11,9,16
2026-06-13,Neurology,37,3,11,23
2026-06-13,Orthopedics,36,12,15,9
2026-06-13,General,33,12,8,13
2026-06-13,Emergency,57,57,0,0
2026-06-14,Cardiology,33,12,13,8
2026-06-14,Neurology,21,7,6,8
2026-06-14,Orthopedics,30,5,14,11
2026-06-14,General,37,10,18,9
2026-06-14,Emergency,72,72,0,0
2026-06-15,Cardiology,59,6,33,20
2026-06-15,Neurology,36,4,22,10
2026-06-15,Orthopedics,25,6,11,8
2026-06-15,General,63,17,22,24
2026-06-15,Emergency,49,49,0,0
2026-06-16,Cardiology,19,4,10,5
2026-06-16,Neurology,46,16,18,12
2026-06-16,Orthopedics,24,2,13,9
2026-06-16,General,55,13,22,20
2026-06-16,Emergency,72,72,0,0
2026-06-17,Cardiology,62,10,33,19
2026-06-17,Neurology,33,3,14,16
2026-06-17,Orthopedics,59,19,25,15
2026-06-17,General,53,7,29,17
2026-06-17,Emergency,61,61,0,0
2026-06-18,Cardiology,65,6,26,33
2026-06-18,Neurology,36,9,16,11
2026-06-18,Orthopedics,32,12,13,7
2026-06-18,General,23,3,8,12
2026-06-18,Emergency,70,70,0,0
2026-06-19,Cardiology,52,15,23,14
2026-06-19,Neurology,65,24,25,16
2026-06-19,Orthopedics,62,14,24,24
2026-06-19,General,35,11,11,13
2026-06-19,Emergency,80,80,0,0
2026-06-20,Cardiology,20,5,10,5
2026-06-20,Neurology,25,3,14,8
2026-06-20,Orthopedics,32,5,17,10
2026-06-20,General,39,6,21,12
2026-06-20,Emergency,62,62,0,0
2026-06-21,Cardiology,36,12,9,15
2026-06-21,Neurology,27,8,12,7
2026-06-21,Orthopedics,30,8,8,14
2026-06-21,General,36,8,14,14
2026-06-21,Emergency,47,47,0,0
2026-06-22,Cardiology,36,11,12,13
2026-06-22,Neurology,65,16,16,33
2026-06-22,Orthopedics,41,15,17,9
2026-06-22,General,34,13,10,11
2026-06-22,Emergency,44,44,0,0
2026-06-23,Cardiology,54,11,14,29
2026-06-23,Neurology,49,13,25,11
2026-06-23,Orthopedics,42,12,11,19
2026-06-23,General,23,4,9,10
2026-06-23,Emergency,63,63,0,0
2026-06-24,Cardiology,34,8,14,12
2026-06-24,Neurology,61,18,16,27
2026-06-24,Orthopedics,30,3,16,11
2026-06-24,General,39,8,18,13
2026-06-24,Emergency,70,70,0,0
2026-06-25,Cardiology,45,15,17,13
2026-06-25,Neurology,48,10,24,14
2026-06-25,Orthopedics,31,3,11,17
2026-06-25,General,26,4,8,14
2026-06-25,Emergency,72,72,0,0
2026-06-26,Cardiology,32,3,11,18
2026-06-26,Neurology,66,6,21,39
2026-06-26,Orthopedics,62,16,26,20
2026-06-26,General,60,21,28,11
2026-06-26,Emergency,63,63,0,0
2026-06-27,Cardiology,17,6,6,5
2026-06-27,Neurology,34,10,13,11
2026-06-27,Orthopedics,24,2,11,11
2026-06-27,General,29,3,13,13
2026-06-27,Emergency,64,64,0,0
2026-06-28,Cardiology,36,5,11,20
2026-06-28,Neurology,22,5,10,7
2026-06-28,Orthopedics,37,7,21,9
2026-06-28,General,23,4,12,7
2026-06-28,Emergency,60,60,0,0
2026-06-29,Cardiology,50,14,20,16
2026-06-29,Neurology,45,12,14,19
2026-06-29,Orthopedics,35,6,9,20
2026-06-29,General,37,9,18,10
2026-06-29,Emergency,55,55,0,0
2026-06-30,Cardiology,35,7,16,12
2026-06-30,Neurology,26,5,13,8
2026-06-30,Orthopedics,34,10,15,9
2026-06-30,General,35,8,13,14
2026-06-30,Emergency,56,56,0,0
2026-07-01,Cardiology,64,19,21,24
2026-07-01,Neurology,44,14,19,11
2026-07-01,Orthopedics,53,18,23,12
2026-07-01,General,30,6,15,9
2026-07-01,Emergency,44,44,0,0
2026-07-02,Cardiology,53,11,18,24
2026-07-02,Neurology,40,14,12,14
2026-07-02,Orthopedics,43,12,14,17
2026-07-02,General,29,6,13,10
2026-07-02,Emergency,59,59,0,0
2026-07-03,Cardiology,47,16,21,10
2026-07-03,Neurology,31,10,12,9
2026-07-03,Orthopedics,35,13,8,14
2026-07-03,General,56,18,23,15
2026-07-03,Emergency,76,76,0,0
2026-07-04,Cardiology,39,8,21,10
2026-07-04,Neurology,31,10,10,11
2026-07-04,Orthopedics,36,14,7,15
2026-07-04,General,27,5,7,15
2026-07-04,Emergency,81,81,0,0
2026-07-05,Cardiology,33,12,11,10
2026-07-05,Neurology,24,7,11,6
2026-07-05,Orthopedics,30,10,7,13
2026-07-05,General,33,7,11,15
2026-07-05,Emergency,38,38,0,0
2026-07-06,Cardiology,47,16,10,21
2026-07-06,Neurology,47,16,12,19
2026-07-06,Orthopedics,38,10,18,10
2026-07-06,General,63,18,19,26
2026-07-06,Emergency,85,85,0,0
2026-07-07,Cardiology,58,18,22,18
2026-07-07,Neurology,49,5,31,13
2026-07-07,Orthopedics,49,13,22,14
2026-07-07,General,22,5,9,8
2026-07-07,Emergency,68,68,0,0
2026-07-08,Cardiology,54,10,15,29
2026-07-08,Neurology,40,4,15,21
2026-07-08,Orthopedics,46,14,20,12
2026-07-08,General,58,10,25,23
2026-07-08,Emergency,48,48,0,0
2026-07-09,Cardiology,56,8,27,21
2026-07-09,Neurology,60,7,25,28
2026-07-09,Orthopedics,53,14,23,16
2026-07-09,General,31,8,16,7
2026-07-09,Emergency,71,71,0,0
2026-07-10,Cardiology,39,13,14,12
2026-07-10,Neurology,42,6,19,17
2026-07-10,Orthopedics,29,9,8,12
2026-07-10,General,37,8,16,13
2026-07-10,Emergency,67,67,0,0
2026-07-11,Cardiology,23,2,8,13
2026-07-11,Neurology,16,4,6,6
2026-07-11,Orthopedics,35,12,11,12
2026-07-11,General,28,10,9,9
2026-07-11,Emergency,62,62,0,0
2026-07-12,Cardiology,28,11,11,6
2026-07-12,Neurology,34,8,15,11
2026-07-12,Orthopedics,33,10,15,8
2026-07-12,General,36,7,9,20
2026-07-12,Emergency,69,69,0,0
2026-07-13,Cardiology,58,16,22,20
2026-07-13,Neurology,47,15,23,9
2026-07-13,Orthopedics,42,5,15,22
2026-07-13,General,35,5,20,10
2026-07-13,Emergency,81,81,0,0
2026-07-14,Cardiology,54,6,30,18
2026-07-14,Neurology,28,7,9,12
2026-07-14,Orthopedics,45,11,16,18
2026-07-14,General,28,5,10,13
2026-07-14,Emergency,57,57,0,0
2026-07-15,Cardiology,42,6,21,15
2026-07-15,Neurology,49,17,20,12
2026-07-15,Orthopedics,63,14,32,17
2026-07-15,General,37,9,9,19
2026-07-15,Emergency,65,65,0,0
2026-07-16,Cardiology,57,18,18,21
2026-07-16,Neurology,57,13,22,22
2026-07-16,Orthopedics,59,20,25,14
2026-07-16,General,46,16,13,17
2026-07-16,Emergency,58,58,0,0
2026-07-17,Cardiology,45,16,12,17
2026-07-17,Neurology,44,5,17,22
2026-07-17,Orthopedics,36,10,9,17
2026-07-17,General,45,13,13,19
2026-07-17,Emergency,38,38,0,0
2026-07-18,Cardiology,34,5,16,13
2026-07-18,Neurology,20,4,8,8
2026-07-18,Orthopedics,24,7,7,10
2026-07-18,General,31,3,18,10
2026-07-18,Emergency,60,60,0,0
2026-07-19,Cardiology,38,5,12,21
2026-07-19,Neurology,18,2,7,9
2026-07-19,Orthopedics,20,5,9,6
2026-07-19,General,21,2,11,8
2026-07-19,Emergency,46,46,0,0
2026-07-20,Cardiology,34,5,12,17
2026-07-20,Neurology,46,9,22,15
2026-07-20,Orthopedics,29,11,13,5
2026-07-20,General,27,7,14,6
2026-07-20,Emergency,70,70,0,0
2026-07-21,Cardiology,59,7,31,21
2026-07-21,Neurology,52,6,25,21
2026-07-21,Orthopedics,38,11,18,9
2026-07-21,General,63,11,22,30
2026-07-21,Emergency,85,85,0,0
2026-07-22,Cardiology,57,12,16,29
2026-07-22,Neurology,40,10,19,11
2026-07-22,Orthopedics,28,5,16,7
2026-07-22,General,60,19,24,17
2026-07-22,Emergency,72,72,0,0
2026-07-23,Cardiology,28,10,8,10
2026-07-23,Neurology,27,6,13,8
2026-07-23,Orthopedics,48,16,17,15
2026-07-23,General,64,17,15,32
2026-07-23,Emergency,43,43,0,0
2026-07-24,Cardiology,65,10,19,36
2026-07-24,Neurology,29,9,10,10
2026-07-24,Orthopedics,35,13,9,13
2026-07-24,General,58,11,30,17
2026-07-24,Emergency,64,64,0,0
2026-07-25,Cardiology,36,11,11,14
2026-07-25,Neurology,34,5,13,16
2026-07-25,Orthopedics,39,6,21,12
2026-07-25,General,34,9,14,11
2026-07-25,Emergency,66,66,0,0
2026-07-26,Cardiology,22,2,13,7
2026-07-26,Neurology,29,6,8,15
2026-07-26,Orthopedics,36,8,14,14
2026-07-26,General,22,5,9,8
2026-07-26,Emergency,47,47,0,0
2026-07-27,Cardiology,31,11,9,11
2026-07-27,Neurology,52,20,22,10
2026-07-27,Orthopedics,48,18,18,12
2026-07-27,General,40,5,18,17
2026-07-27,Emergency,44,44,0,0
2026-07-28,Cardiology,35,11,10,14
2026-07-28,Neurology,30,5,14,11
2026-07-28,Orthopedics,55,8,33,14
2026-07-28,General,57,7,20,30
2026-07-28,Emergency,64,64,0,0
2026-07-29,Cardiology,61,8,29,24
2026-07-29,Neurology,35,3,18,14
2026-07-29,Orthopedics,64,8,19,37
2026-07-29,General,58,6,22,30
2026-07-29,Emergency,89,89,0,0
2026-07-30,Cardiology,46,12,19,15
2026-07-30,Neurology,60,15,27,18
2026-07-30,Orthopedics,58,6,24,28
2026-07-30,General,39,13,19,7
2026-07-30,Emergency,86,86,0,0
2026-07-31,Cardiology,56,16,19,21
2026-07-31,Neurology,41,4,12,25
2026-07-31,Orthopedics,61,17,15,29
2026-07-31,General,27,2,16,9
2026-07-31,Emergency,80,80,0,0
2026-08-01,Cardiology,25,3,11,11
2026-08-01,Neurology,29,11,7,11
2026-08-01,Orthopedics,24,7,8,9
2026-08-01,General,20,6,8,6
2026-08-01,Emergency,60,60,0,0
2026-08-02,Cardiology,38,13,16,9
2026-08-02,Neurology,22,5,7,10
2026-08-02,Orthopedics,40,7,10,23
2026-08-02,General,30,10,10,10
2026-08-02,Emergency,75,75,0,0
2026-08-03,Cardiology,31,5,10,16
2026-08-03,Neurology,24,7,7,10
2026-08-03,Orthopedics,67,21,24,22
2026-08-03,General,33,13,7,13
2026-08-03,Emergency,59,59,0,0
2026-08-04,Cardiology,28,8,10,10
2026-08-04,Neurology,60,14,21,25
2026-08-04,Orthopedics,70,17,21,32
2026-08-04,General,67,17,29,21
2026-08-04,Emergency,67,67,0,0
2026-08-05,Cardiology,56,16,26,14
2026-08-05,Neurology,59,15,23,21
2026-08-05,Orthopedics,55,9,16,30
2026-08-05,General,56,12,15,29
2026-08-05,Emergency,64,64,0,0
2026-08-06,Cardiology,42,7,12,23
2026-08-06,Neurology,34,6,16,12
2026-08-06,Orthopedics,43,11,19,13
2026-08-06,General,35,8,10,17
2026-08-06,Emergency,76,76,0,0
2026-08-07,Cardiology,34,12,15,7
2026-08-07,Neurology,64,22,17,25
2026-08-07,Orthopedics,35,11,15,9
2026-08-07,General,46,10,14,22
2026-08-07,Emergency,61,61,0,0
2026-08-08,Cardiology,27,7,8,12
2026-08-08,Neurology,31,4,13,14
2026-08-08,Orthopedics,35,8,18,9
2026-08-08,General,29,11,12,6
2026-08-08,Emergency,76,76,0,0
2026-08-09,Cardiology,24,5,12,7
2026-08-09,Neurology,19,2,8,9
2026-08-09,Orthopedics,25,5,11,9
2026-08-09,General,18,6,6,6
2026-08-09,Emergency,92,92,0,0
2026-08-10,Cardiology,65,17,30,18
2026-08-10,Neurology,64,8,35,21
2026-08-10,Orthopedics,56,18,15,23
2026-08-10,General,62,13,28,21
2026-08-10,Emergency,61,61,0,0
2026-08-11,Cardiology,41,10,14,17
2026-08-11,Neurology,26,6,7,13
2026-08-11,Orthopedics,51,17,15,19
2026-08-11,General,45,6,16,23
2026-08-11,Emergency,75,75,0,0
2026-08-12,Cardiology,50,19,17,14
2026-08-12,Neurology,40,15,9,16
2026-08-12,Orthopedics,37,4,15,18
2026-08-12,General,58,7,26,25
2026-08-12,Emergency,81,81,0,0
2026-08-13,Cardiology,29,7,9,13
2026-08-13,Neurology,65,20,28,17
2026-08-13,Orthopedics,49,14,18,17
2026-08-13,General,67,13,21,33
2026-08-13,Emergency,71,71,0,0
2026-08-14,Cardiology,64,14,21,29
2026-08-14,Neurology,39,7,14,18
2026-08-14,Orthopedics,42,12,18,12
2026-08-14,General,48,9,26,13
2026-08-14,Emergency,42,42,0,0
2026-08-15,Cardiology,37,12,10,15
2026-08-15,Neurology,33,7,12,14
2026-08-15,Orthopedics,41,8,17,16
2026-08-15,General,27,5,14,8
2026-08-15,Emergency,53,53,0,0
2026-08-16,Cardiology,32,9,12,11
2026-08-16,Neurology,43,9,15,19
2026-08-16,Orthopedics,27,3,12,12
2026-08-16,General,33,12,7,14
2026-08-16,Emergency,50,50,0,0
2026-08-17,Cardiology,42,8,22,12
2026-08-17,Neurology,30,3,11,16
2026-08-17,Orthopedics,44,9,23,12
2026-08-17,General,32,4,14,14
2026-08-17,Emergency,73,73,0,0
2026-08-18,Cardiology,29,7,15,7
2026-08-18,Neurology,39,6,18,15
2026-08-18,Orthopedics,41,14,17,10
2026-08-18,General,68,14,18,36
2026-08-18,Emergency,59,59,0,0
2026-08-19,Cardiology,52,13,25,14
2026-08-19,Neurology,37,4,13,20
2026-08-19,Orthopedics,30,10,12,8
2026-08-19,General,54,12,24,18
2026-08-19,Emergency,88,88,0,0
2026-08-20,Cardiology,47,6,24,17
2026-08-20,Neurology,43,12,18,13
2026-08-20,Orthopedics,54,16,22,16
2026-08-20,General,62,12,33,17
2026-08-20,Emergency,69,69,0,0
2026-08-21,Cardiology,48,7,19,22
2026-08-21,Neurology,58,20,14,24
2026-08-21,Orthopedics,32,10,15,7
2026-08-21,General,36,11,18,7
2026-08-21,Emergency,87,87,0,0
2026-08-22,Cardiology,27,7,11,9
2026-08-22,Neurology,30,7,13,10
2026-08-22,Orthopedics,27,8,7,12
2026-08-22,General,39,8,18,13
2026-08-22,Emergency,71,71,0,0
2026-08-23,Cardiology,36,4,17,15
2026-08-23,Neurology,40,12,14,14
2026-08-23,Orthopedics,21,4,8,9
2026-08-23,General,22,7,9,6
2026-08-23,Emergency,52,52,0,0
