date,medicine_name,opening_stock,consumed,received,closing_stock
2025-08-23,Paracetamol,1642,85,0,1557
2025-08-23,Amoxicillin,1955,126,0,1829
2025-08-23,Insulin,1388,85,0,1303
2025-08-23,Antibiotics,1374,148,0,1226
2025-08-23,IV Fluids,1880,81,0,1799
2025-08-24,Paracetamol,1557,84,0,1473
2025-08-24,Amoxicillin,1829,43,0,1786
2025-08-24,Insulin,1303,63,0,1240
2025-08-24,Antibiotics,1226,137,0,1089
2025-08-24,IV Fluids,1799,64,0,1735
2025-08-25,Paracetamol,1473,64,0,1409
2025-08-25,Amoxicillin,1786,99,0,1687
2025-08-25,Insulin,1240,111,0,1129
2025-08-25,Antibiotics,1089,51,0,1038
2025-08-25,IV Fluids,1735,106,0,1629
2025-08-26,Paracetamol,1409,100,0,1309
2025-08-26,Amoxicillin,1687,82,0,1605
2025-08-26,Insulin,1129,116,0,1013
2025-08-26,Antibiotics,1038,59,0,979
2025-08-26,IV Fluids,1629,36,0,1593
2025-08-27,Paracetamol,1309,130,0,1179
2025-08-27,Amoxicillin,1605,53,0,1552
2025-08-27,Insulin,1013,142,0,871
2025-08-27,Antibiotics,979,121,0,858
2025-08-27,IV Fluids,1593,91,0,1502
2025-08-28,Paracetamol,1179,100,0,1079
2025-08-28,Amoxicillin,1552,80,0,1472
2025-08-28,Insulin,871,24,0,847
2025-08-28,Antibiotics,858,122,0,736
2025-08-28,IV Fluids,1502,34,0,1468
2025-08-29,Paracetamol,1079,115,0,964
2025-08-29,Amoxicillin,1472,148,0,1324
2025-08-29,Insulin,847,35,0,812
2025-08-29,Antibiotics,736,100,0,636
2025-08-29,IV Fluids,1468,44,0,1424
2025-08-30,Paracetamol,964,88,0,876
2025-08-30,Amoxicillin,1324,121,0,1203
2025-08-30,Insulin,812,62,0,750
2025-08-30,Antibiotics,636,20,0,616
2025-08-30,IV Fluids,1424,137,0,1287
2025-08-31,Paracetamol,876,130,0,746
2025-08-31,Amoxicillin,1203,108,0,1095
2025-08-31,Insulin,750,72,0,678
2025-08-31,Antibiotics,616,87,0,529
2025-08-31,IV Fluids,1287,119,0,1168
2025-09-01,Paracetamol,746,21,0,725
2025-09-01,Amoxicillin,1095,66,0,1029
2025-09-01,Insulin,678,51,0,627
2025-09-01,Antibiotics,529,119,0,410
2025-09-01,IV Fluids,1168,140,0,1028
2025-09-02,Paracetamol,725,95,0,630
2025-09-02,Amoxicillin,1029,80,0,949
2025-09-02,Insulin,627,71,0,556
2025-09-02,Antibiotics,410,102,0,308
2025-09-02,IV Fluids,1028,112,0,916
2025-09-03,Paracetamol,630,55,0,575
2025-09-03,Amoxicillin,949,29,0,920
2025-09-03,Insulin,556,22,0,534
2025-09-03,Antibiotics,308,54,1318,1572
2025-09-03,IV Fluids,916,22,0,894
2025-09-04,Paracetamol,575,84,0,491
2025-09-04,Amoxicillin,920,83,0,837
2025-09-04,Insulin,534,135,0,399
2025-09-04,Antibiotics,1572,96,0,1476
2025-09-04,IV Fluids,894,51,0,843
2025-09-05,Paracetamol,491,39,0,452
2025-09-05,Amoxicillin,837,64,0,773
2025-09-05,Insulin,399,75,0,324
2025-09-05,Antibiotics,1476,64,0,1412
2025-09-05,IV Fluids,843,72,0,771
2025-09-06,Paracetamol,452,126,0,326
2025-09-06,Amoxicillin,773,78,0,695
2025-09-06,Insulin,324,78,1206,1452
2025-09-06,Antibiotics,1412,36,0,1376
2025-09-06,IV Fluids,771,147,0,624
2025-09-07,Paracetamol,326,67,1938,2197
2025-09-07,Amoxicillin,695,49,0,646
2025-09-07,Insulin,1452,140,0,1312
2025-09-07,Antibiotics,1376,114,0,1262
2025-09-07,IV Fluids,624,72,0,552
2025-09-08,Paracetamol,2197,85,0,2112
2025-09-08,Amoxicillin,646,139,0,507
2025-09-08,Insulin,1312,92,0,1220
2025-09-08,Antibiotics,1262,74,0,1188
2025-09-08,IV Fluids,552,115,0,437
2025-09-09,Paracetamol,2112,125,0,1987
2025-09-09,Amoxicillin,507,106,0,401
2025-09-09,Insulin,1220,101,0,1119
2025-09-09,Antibiotics,1188,78,0,1110
2025-09-09,IV Fluids,437,107,0,330
2025-09-10,Paracetamol,1987,51,0,1936
2025-09-10,Amoxicillin,401,103,1259,1557
2025-09-10,Insulin,1119,148,0,971
2025-09-10,Antibiotics,1110,117,0,993
2025-09-10,IV Fluids,330,37,1713,2006
2025-09-11,Paracetamol,1936,111,0,1825
2025-09-11,Amoxicillin,1557,94,0,1463
2025-09-11,Insulin,971,27,0,944
2025-09-11,Antibiotics,993,58,0,935
2025-09-11,IV Fluids,2006,142,0,1864
2025-09-12,Paracetamol,1825,124,0,1701
2025-09-12,Amoxicillin,1463,59,0,1404
2025-09-12,Insulin,944,41,0,903
2025-09-12,Antibiotics,935,144,0,791
2025-09-12,IV Fluids,1864,68,0,1796
2025-09-13,Paracetamol,1701,50,0,1651
2025-09-13,Amoxicillin,1404,146,0,1258
2025-09-13,Insulin,903,36,0,867
2025-09-13,Antibiotics,791,55,0,736
2025-09-13,IV Fluids,1796,95,0,1701
2025-09-14,Paracetamol,1651,61,0,1590
2025-09-14,Amoxicillin,1258,122,0,1136
2025-09-14,Insulin,867,111,0,756
2025-09-14,Antibiotics,736,93,0,643
2025-09-14,IV Fluids,1701,37,0,1664
2025-09-15,Paracetamol,1590,89,0,1501
2025-09-15,Amoxicillin,1136,141,0,995
2025-09-15,Insulin,756,105,0,651
2025-09-15,Antibiotics,643,59,0,584
2025-09-15,IV Fluids,1664,40,0,1624
2025-09-16,Paracetamol,1501,127,0,1374
2025-09-16,Amoxicillin,995,69,0,926
2025-09-16,Insulin,651,66,0,585
2025-09-16,Antibiotics,584,52,0,532
2025-09-16,IV Fluids,1624,123,0,1501
2025-09-17,Paracetamol,1374,55,0,1319
2025-09-17,Amoxicillin,926,93,0,833
2025-09-17,Insulin,585,149,0,436
2025-09-17,Antibiotics,532,129,0,403
2025-09-17,IV Fluids,1501,91,0,1410
2025-09-18,Paracetamol,1319,85,0,1234
2025-09-18,Amoxicillin,833,39,0,794
2025-09-18,Insulin,436,133,0,303
2025-09-18,Antibiotics,403,143,1065,1325
2025-09-18,IV Fluids,1410,60,0,1350
2025-09-19,Paracetamol,1234,27,0,1207
2025-09-19,Amoxicillin,794,40,0,754
2025-09-19,Insulin,303,54,1262,1511
2025-09-19,Antibiotics,1325,146,0,1179
2025-09-19,IV Fluids,1350,34,0,1316
2025-09-20,Paracetamol,1207,128,0,1079
2025-09-20,Amoxicillin,754,122,0,632
2025-09-20,Insulin,1511,45,0,1466
2025-09-20,Antibiotics,1179,122,0,1057
2025-09-20,IV Fluids,1316,37,0,1279
2025-09-21,Paracetamol,1079,29,0,1050
2025-09-21,Amoxicillin,632,25,0,607
2025-09-21,Insulin,1466,74,0,1392
2025-09-21,Antibiotics,1057,79,0,978
2025-09-21,IV Fluids,1279,102,0,1177
2025-09-22,Paracetamol,1050,67,0,983
2025-09-22,Amoxicillin,607,125,0,482
2025-09-22,Insulin,1392,65,0,1327
2025-09-22,Antibiotics,978,142,0,836
2025-09-22,IV Fluids,1177,51,0,1126
2025-09-23,Paracetamol,983,113,0,870
2025-09-23,Amoxicillin,482,32,0,450
2025-09-23,Insulin,1327,51,0,1276
2025-09-23,Antibiotics,836,97,0,739
2025-09-23,IV Fluids,1126,142,0,984
2025-09-24,Paracetamol,870,43,0,827
2025-09-24,Amoxicillin,450,112,0,338
2025-09-24,Insulin,1276,143,0,1133
2025-09-24,Antibiotics,739,138,0,601
2025-09-24,IV Fluids,984,122,0,862
2025-09-25,Paracetamol,827,62,0,765
2025-09-25,Amoxicillin,338,121,1269,1486
2025-09-25,Insulin,1133,117,0,1016
2025-09-25,Antibiotics,601,112,0,489
2025-09-25,IV Fluids,862,20,0,842
2025-09-26,Paracetamol,765,34,0,731
2025-09-26,Amoxicillin,1486,20,0,1466
2025-09-26,Insulin,1016,25,0,991
2025-09-26,Antibiotics,489,88,0,401
2025-09-26,IV Fluids,842,40,0,802
2025-09-27,Paracetamol,731,28,0,703
2025-09-27,Amoxicillin,1466,35,0,1431
2025-09-27,Insulin,991,142,0,849
2025-09-27,Antibiotics,401,112,1689,1978
2025-09-27,IV Fluids,802,145,0,657
2025-09-28,Paracetamol,703,69,0,634
2025-09-28,Amoxicillin,1431,137,0,1294
2025-09-28,Insulin,849,94,0,755
2025-09-28,Antibiotics,1978,50,0,1928
2025-09-28,IV Fluids,657,90,0,567
2025-09-29,Paracetamol,634,140,0,494
2025-09-29,Amoxicillin,1294,142,0,1152
2025-09-29,Insulin,755,63,0,692
2025-09-29,Antibiotics,1928,139,0,1789
2025-09-29,IV Fluids,567,127,0,440
2025-09-30,Paracetamol,494,143,0,351
2025-09-30,Amoxicillin,1152,146,0,1006
2025-09-30,Insulin,692,36,0,656
2025-09-30,Antibiotics,1789,101,0,1688
2025-09-30,IV Fluids,440,56,0,384
2025-10-01,Paracetamol,351,49,0,302
2025-10-01,Amoxicillin,1006,52,0,954
2025-10-01,Insulin,656,114,0,542
2025-10-01,Antibiotics,1688,39,0,1649
2025-10-01,IV Fluids,384,38,0,346
2025-10-02,Paracetamol,302,109,1591,1784
2025-10-02,Amoxicillin,954,92,0,862
2025-10-02,Insulin,542,51,0,491
2025-10-02,Antibiotics,1649,45,0,1604
2025-10-02,IV Fluids,346,127,1049,1268
2025-10-03,Paracetamol,1784,42,0,1742
2025-10-03,Amoxicillin,862,95,0,767
2025-10-03,Insulin,491,38,0,453
2025-10-03,Antibiotics,1604,123,0,1481
2025-10-03,IV Fluids,1268,102,0,1166
2025-10-04,Paracetamol,1742,145,0,1597
2025-10-04,Amoxicillin,767,48,0,719
2025-10-04,Insulin,453,69,0,384
2025-10-04,Antibiotics,1481,145,0,1336
2025-10-04,IV Fluids,1166,63,0,1103
2025-10-05,Paracetamol,1597,113,0,1484
2025-10-05,Amoxicillin,719,50,0,669
2025-10-05,Insulin,384,58,0,326
2025-10-05,Antibiotics,1336,118,0,1218
2025-10-05,IV Fluids,1103,136,0,967
2025-10-06,Paracetamol,1484,50,0,1434
2025-10-06,Amoxicillin,669,119,0,550
2025-10-06,Insulin,326,140,1918,2104
2025-10-06,Antibiotics,1218,71,0,1147
2025-10-06,IV Fluids,967,48,0,919
2025-10-07,Paracetamol,1434,98,0,1336
2025-10-07,Amoxicillin,550,39,0,511
2025-10-07,Insulin,2104,131,0,1973
2025-10-07,Antibiotics,1147,55,0,1092
2025-10-07,IV Fluids,919,61,0,858
2025-10-08,Paracetamol,1336,99,0,1237
2025-10-08,Amoxicillin,511,105,0,406
2025-10-08,Insulin,1973,40,0,1933
2025-10-08,Antibiotics,1092,79,0,1013
2025-10-08,IV Fluids,858,103,0,755
2025-10-09,Paracetamol,1237,60,0,1177
2025-10-09,Amoxicillin,406,22,0,384
2025-10-09,Insulin,1933,72,0,1861
2025-10-09,Antibiotics,1013,72,0,941
2025-10-09,IV Fluids,755,92,0,663
2025-10-10,Paracetamol,1177,42,0,1135
2025-10-10,Amoxicillin,384,86,1026,1324
2025-10-10,Insulin,1861,76,0,1785
2025-10-10,Antibiotics,941,120,0,821
2025-10-10,IV Fluids,663,125,0,538
2025-10-11,Paracetamol,1135,48,0,1087
2025-10-11,Amoxicillin,1324,53,0,1271
2025-10-11,Insulin,1785,51,0,1734
2025-10-11,Antibiotics,821,25,0,796
2025-10-11,IV Fluids,538,32,0,506
2025-10-12,Paracetamol,1087,40,0,1047
2025-10-12,Amoxicillin,1271,130,0,1141
2025-10-12,Insulin,1734,70,0,1664
2025-10-12,Antibiotics,796,137,0,659
2025-10-12,IV Fluids,506,38,0,468
2025-10-13,Paracetamol,1047,30,0,1017
2025-10-13,Amoxicillin,1141,32,0,1109
2025-10-13,Insulin,1664,89,0,1575
2025-10-13,Antibiotics,659,33,0,626
2025-10-13,IV Fluids,468,108,0,360
2025-10-14,Paracetamol,1017,78,0,939
2025-10-14,Amoxicillin,1109,53,0,1056
2025-10-14,Insulin,1575,74,0,1501
2025-10-14,Antibiotics,626,36,0,590
2025-10-14,IV Fluids,360,31,0,329
2025-10-15,Paracetamol,939,137,0,802
2025-10-15,Amoxicillin,1056,26,0,1030
2025-10-15,Insulin,1501,29,0,1472
2025-10-15,Antibiotics,590,97,0,493
2025-10-15,IV Fluids,329,94,1343,1578
2025-10-16,Paracetamol,802,85,0,717
2025-10-16,Amoxicillin,1030,59,0,971
2025-10-16,Insulin,1472,23,0,1449
2025-10-16,Antibiotics,493,147,0,346
2025-10-16,IV Fluids,1578,97,0,1481
2025-10-17,Paracetamol,717,99,0,618
2025-10-17,Amoxicillin,971,115,0,856
2025-10-17,Insulin,1449,115,0,1334
2025-10-17,Antibiotics,346,51,1748,2043
2025-10-17,IV Fluids,1481,64,0,1417
2025-10-18,Paracetamol,618,115,0,503
2025-10-18,Amoxicillin,856,143,0,713
2025-10-18,Insulin,1334,78,0,1256
2025-10-18,Antibiotics,2043,102,0,1941
2025-10-18,IV Fluids,1417,148,0,1269
2025-10-19,Paracetamol,503,52,0,451
2025-10-19,Amoxicillin,713,58,0,655
2025-10-19,Insulin,1256,45,0,1211
2025-10-19,Antibiotics,1941,121,0,1820
2025-10-19,IV Fluids,1269,100,0,1169
2025-10-20,Paracetamol,451,25,0,426
2025-10-20,Amoxicillin,655,40,0,615
2025-10-20,Insulin,1211,47,0,1164
2025-10-20,Antibiotics,1820,134,0,1686
2025-10-20,IV Fluids,1169,100,0,1069
2025-10-21,Paracetamol,426,56,0,370
2025-10-21,Amoxicillin,615,88,0,527
2025-10-21,Insulin,1164,114,0,1050
2025-10-21,Antibiotics,1686,56,0,1630
2025-10-21,IV Fluids,1069,52,0,1017
2025-10-22,Paracetamol,370,37,0,333
2025-10-22,Amoxicillin,527,109,0,418
2025-10-22,Insulin,1050,56,0,994
2025-10-22,Antibiotics,1630,40,0,1590
2025-10-22,IV Fluids,1017,56,0,961
2025-10-23,Paracetamol,333,62,1429,1700
2025-10-23,Amoxicillin,418,71,0,347
2025-10-23,Insulin,994,115,0,879
2025-10-23,Antibiotics,1590,148,0,1442
2025-10-23,IV Fluids,961,39,0,922
2025-10-24,Paracetamol,1700,63,0,1637
2025-10-24,Amoxicillin,347,117,1328,1558
2025-10-24,Insulin,879,94,0,785
2025-10-24,Antibiotics,1442,108,0,1334
2025-10-24,IV Fluids,922,107,0,815
2025-10-25,Paracetamol,1637,37,0,1600
2025-10-25,Amoxicillin,1558,64,0,1494
2025-10-25,Insulin,785,69,0,716
2025-10-25,Antibiotics,1334,110,0,1224
2025-10-25,IV Fluids,815,55,0,760
2025-10-26,Paracetamol,1600,125,0,1475
2025-10-26,Amoxicillin,1494,94,0,1400
2025-10-26,Insulin,716,111,0,605
2025-10-26,Antibiotics,1224,67,0,1157
2025-10-26,IV Fluids,760,33,0,727
2025-10-27,Paracetamol,1475,103,0,1372
2025-10-27,Amoxicillin,1400,76,0,1324
2025-10-27,Insulin,605,111,0,494
2025-10-27,Antibiotics,1157,66,0,1091
2025-10-27,IV Fluids,727,46,0,681
2025-10-28,Paracetamol,1372,140,0,1232
2025-10-28,Amoxicillin,1324,58,0,1266
2025-10-28,Insulin,494,125,0,369
2025-10-28,Antibiotics,1091,21,0,1070
2025-10-28,IV Fluids,681,71,0,610
2025-10-29,Paracetamol,1232,60,0,1172
2025-10-29,Amoxicillin,1266,48,0,1218
2025-10-29,Insulin,369,125,1084,1328
2025-10-29,Antibiotics,1070,84,0,986
2025-10-29,IV Fluids,610,24,0,586
2025-10-30,Paracetamol,1172,73,0,1099
2025-10-30,Amoxicillin,1218,103,0,1115
2025-10-30,Insulin,1328,77,0,1251
2025-10-30,Antibiotics,986,80,0,906
2025-10-30,IV Fluids,586,145,0,441
2025-10-31,Paracetamol,1099,60,0,1039
2025-10-31,Amoxicillin,1115,69,0,1046
2025-10-31,Insulin,1251,118,0,1133
2025-10-31,Antibiotics,906,40,0,866
2025-10-31,IV Fluids,441,105,0,336
2025-11-01,Paracetamol,1039,44,0,995
2025-11-01,Amoxicillin,1046,124,0,922
2025-11-01,Insulin,1133,48,0,1085
2025-11-01,Antibiotics,866,142,0,724
2025-11-01,IV Fluids,336,36,0,300
2025-11-02,Paracetamol,995,90,0,905
2025-11-02,Amoxicillin,922,22,0,900
2025-11-02,Insulin,1085,43,0,1042
2025-11-02,Antibiotics,724,37,0,687
2025-11-02,IV Fluids,300,124,1260,1436
2025-11-03,Paracetamol,905,81,0,824
2025-11-03,Amoxicillin,900,57,0,843
2025-11-03,Insulin,1042,32,0,1010
2025-11-03,Antibiotics,687,67,0,620
2025-11-03,IV Fluids,1436,28,0,1408
2025-11-04,Paracetamol,824,46,0,778
2025-11-04,Amoxicillin,843,95,0,748
2025-11-04,Insulin,1010,89,0,921
2025-11-04,Antibiotics,620,92,0,528
2025-11-04,IV Fluids,1408,66,0,1342
2025-11-05,Paracetamol,778,139,0,639
2025-11-05,Amoxicillin,748,96,0,652
2025-11-05,Insulin,921,54,0,867
2025-11-05,Antibiotics,528,117,0,411
2025-11-05,IV Fluids,1342,113,0,1229
2025-11-06,Paracetamol,639,142,0,497
2025-11-06,Amoxicillin,652,129,0,523
2025-11-06,Insulin,867,44,0,823
2025-11-06,Antibiotics,411,88,0,323
2025-11-06,IV Fluids,1229,81,0,1148
2025-11-07,Paracetamol,497,120,0,377
2025-11-07,Amoxicillin,523,129,0,394
2025-11-07,Insulin,823,104,0,719
2025-11-07,Antibiotics,323,149,1533,1707
2025-11-07,IV Fluids,1148,37,0,1111
2025-11-08,Paracetamol,377,69,0,308
2025-11-08,Amoxicillin,394,28,0,366
2025-11-08,Insulin,719,110,0,609
2025-11-08,Antibiotics,1707,69,0,1638
2025-11-08,IV Fluids,1111,103,0,1008
2025-11-09,Paracetamol,308,102,1548,1754
2025-11-09,Amoxicillin,366,43,0,323
2025-11-09,Insulin,609,32,0,577
2025-11-09,Antibiotics,1638,100,0,1538
2025-11-09,IV Fluids,1008,79,0,929
2025-11-10,Paracetamol,1754,100,0,1654
2025-11-10,Amoxicillin,323,124,1192,1391
2025-11-10,Insulin,577,130,0,447
2025-11-10,Antibiotics,1538,55,0,1483
2025-11-10,IV Fluids,929,115,0,814
2025-11-11,Paracetamol,1654,99,0,1555
2025-11-11,Amoxicillin,1391,119,0,1272
2025-11-11,Insulin,447,25,0,422
2025-11-11,Antibiotics,1483,144,0,1339
2025-11-11,IV Fluids,814,64,0,750
2025-11-12,Paracetamol,1555,50,0,1505
2025-11-12,Amoxicillin,1272,36,0,1236
2025-11-12,Insulin,422,133,1930,2219
2025-11-12,Antibiotics,1339,37,0,1302
2025-11-12,IV Fluids,750,113,0,637
2025-11-13,Paracetamol,1505,121,0,1384
2025-11-13,Amoxicillin,1236,121,0,1115
2025-11-13,Insulin,2219,135,0,2084
2025-11-13,Antibiotics,1302,76,0,1226
2025-11-13,IV Fluids,637,131,0,506
2025-11-14,Paracetamol,1384,125,0,1259
2025-11-14,Amoxicillin,1115,65,0,1050
2025-11-14,Insulin,2084,143,0,1941
2025-11-14,Antibiotics,1226,37,0,1189
2025-11-14,IV Fluids,506,87,0,419
2025-11-15,Paracetamol,1259,80,0,1179
2025-11-15,Amoxicillin,1050,80,0,970
2025-11-15,Insulin,1941,45,0,1896
2025-11-15,Antibiotics,1189,41,0,1148
2025-11-15,IV Fluids,419,95,0,324
2025-11-16,Paracetamol,1179,39,0,1140
2025-11-16,Amoxicillin,970,99,0,871
2025-11-16,Insulin,1896,118,0,1778
2025-11-16,Antibiotics,1148,143,0,1005
2025-11-16,IV Fluids,324,143,1842,2023
2025-11-17,Paracetamol,1140,30,0,1110
2025-11-17,Amoxicillin,871,130,0,741
2025-11-17,Insulin,1778,99,0,1679
2025-11-17,Antibiotics,1005,79,0,926
2025-11-17,IV Fluids,2023,89,0,1934
2025-11-18,Paracetamol,1110,33,0,1077
2025-11-18,Amoxicillin,741,47,0,694
2025-11-18,Insulin,1679,135,0,1544
2025-11-18,Antibiotics,926,130,0,796
2025-11-18,IV Fluids,1934,23,0,1911
2025-11-19,Paracetamol,1077,24,0,1053
2025-11-19,Amoxicillin,694,145,0,549
2025-11-19,Insulin,1544,146,0,1398
2025-11-19,Antibiotics,796,109,0,687
2025-11-19,IV Fluids,1911,48,0,1863
2025-11-20,Paracetamol,1053,40,0,1013
2025-11-20,Amoxicillin,549,61,0,488
2025-11-20,Insulin,1398,51,0,1347
2025-11-20,Antibiotics,687,60,0,627
2025-11-20,IV Fluids,1863,51,0,1812
2025-11-21,Paracetamol,1013,101,0,912
2025-11-21,Amoxicillin,488,63,0,425
2025-11-21,Insulin,1347,40,0,1307
2025-11-21,Antibiotics,627,149,0,478
2025-11-21,IV Fluids,1812,88,0,1724
2025-11-22,Paracetamol,912,146,0,766
2025-11-22,Amoxicillin,425,146,1948,2227
2025-11-22,Insulin,1307,35,0,1272
2025-11-22,Antibiotics,478,30,0,448
2025-11-22,IV Fluids,1724,40,0,1684
2025-11-23,Paracetamol,766,134,0,632
2025-11-23,Amoxicillin,2227,54,0,2173
2025-11-23,Insulin,1272,130,0,1142
2025-11-23,Antibiotics,448,31,0,417
2025-11-23,IV Fluids,1684,52,0,1632
2025-11-24,Paracetamol,632,68,0,564
2025-11-24,Amoxicillin,2173,134,0,2039
2025-11-24,Insulin,1142,68,0,1074
2025-11-24,Antibiotics,417,117,0,300
2025-11-24,IV Fluids,1632,98,0,1534
2025-11-25,Paracetamol,564,44,0,520
2025-11-25,Amoxicillin,2039,137,0,1902
2025-11-25,Insulin,1074,21,0,1053
2025-11-25,Antibiotics,300,59,1848,2089
2025-11-25,IV Fluids,1534,61,0,1473
2025-11-26,Paracetamol,520,132,0,388
2025-11-26,Amoxicillin,1902,135,0,1767
2025-11-26,Insulin,1053,109,0,944
2025-11-26,Antibiotics,2089,78,0,2011
2025-11-26,IV Fluids,1473,87,0,1386
2025-11-27,Paracetamol,388,26,0,362
2025-11-27,Amoxicillin,1767,129,0,1638
2025-11-27,Insulin,944,81,0,863
2025-11-27,Antibiotics,2011,41,0,1970
2025-11-27,IV Fluids,1386,96,0,1290
2025-11-28,Paracetamol,362,99,1700,1963
2025-11-28,Amoxicillin,1638,34,0,1604
2025-11-28,Insulin,863,65,0,798
2025-11-28,Antibiotics,1970,79,0,1891
2025-11-28,IV Fluids,1290,140,0,1150
2025-11-29,Paracetamol,1963,83,0,1880
2025-11-29,Amoxicillin,1604,94,0,1510
2025-11-29,Insulin,798,31,0,767
2025-11-29,Antibiotics,1891,52,0,1839
2025-11-29,IV Fluids,1150,104,0,1046
2025-11-30,Paracetamol,1880,79,0,1801
2025-11-30,Amoxicillin,1510,84,0,1426
2025-11-30,Insulin,767,138,0,629
2025-11-30,Antibiotics,1839,53,0,1786
2025-11-30,IV Fluids,1046,130,0,916
2025-12-01,Paracetamol,1801,96,0,1705
2025-12-01,Amoxicillin,1426,140,0,1286
2025-12-01,Insulin,629,44,0,585
2025-12-01,Antibiotics,1786,92,0,1694
2025-12-01,IV Fluids,916,102,0,814
2025-12-02,Paracetamol,1705,35,0,1670
2025-12-02,Amoxicillin,1286,83,0,1203
2025-12-02,Insulin,585,109,0,476
2025-12-02,Antibiotics,1694,96,0,1598
2025-12-02,IV Fluids,814,48,0,766
2025-12-03,Paracetamol,1670,40,0,1630
2025-12-03,Amoxicillin,1203,58,0,1145
2025-12-03,Insulin,476,30,0,446
2025-12-03,Antibiotics,1598,32,0,1566
2025-12-03,IV Fluids,766,105,0,661
2025-12-04,Paracetamol,1630,56,0,1574
2025-12-04,Amoxicillin,1145,26,0,1119
2025-12-04,Insulin,446,92,0,354
2025-12-04,Antibiotics,1566,129,0,1437
2025-12-04,IV Fluids,661,36,0,625
2025-12-05,Paracetamol,1574,105,0,1469
2025-12-05,Amoxicillin,1119,123,0,996
2025-12-05,Insulin,354,38,0,316
2025-12-05,Antibiotics,1437,20,0,1417
2025-12-05,IV Fluids,625,59,0,566
2025-12-06,Paracetamol,1469,95,0,1374
2025-12-06,Amoxicillin,996,101,0,895
2025-12-06,Insulin,316,26,1639,1929
2025-12-06,Antibiotics,1417,123,0,1294
2025-12-06,IV Fluids,566,88,0,478
2025-12-07,Paracetamol,1374,145,0,1229
2025-12-07,Amoxicillin,895,61,0,834
2025-12-07,Insulin,1929,91,0,1838
2025-12-07,Antibiotics,1294,31,0,1263
2025-12-07,IV Fluids,478,96,0,382
2025-12-08,Paracetamol,1229,100,0,1129
2025-12-08,Amoxicillin,834,47,0,787
2025-12-08,Insulin,1838,112,0,1726
2025-12-08,Antibiotics,1263,138,0,1125
2025-12-08,IV Fluids,382,73,0,309
2025-12-09,Paracetamol,1129,62,0,1067
2025-12-09,Amoxicillin,787,137,0,650
2025-12-09,Insulin,1726,75,0,1651
2025-12-09,Antibiotics,1125,88,0,1037
2025-12-09,IV Fluids,309,96,1497,1710
2025-12-10,Paracetamol,1067,33,0,1034
2025-12-10,Amoxicillin,650,34,0,616
2025-12-10,Insulin,1651,136,0,1515
2025-12-10,Antibiotics,1037,121,0,916
2025-12-10,IV Fluids,1710,48,0,1662
2025-12-11,Paracetamol,1034,103,0,931
2025-12-11,Amoxicillin,616,73,0,543
2025-12-11,Insulin,1515,143,0,1372
2025-12-11,Antibiotics,916,61,0,855
2025-12-11,IV Fluids,1662,135,0,1527
2025-12-12,Paracetamol,931,86,0,845
2025-12-12,Amoxicillin,543,133,0,410
2025-12-12,Insulin,1372,135,0,1237
2025-12-12,Antibiotics,855,140,0,715
2025-12-12,IV Fluids,1527,62,0,1465
2025-12-13,Paracetamol,845,62,0,783
2025-12-13,Amoxicillin,410,94,0,316
2025-12-13,Insulin,1237,78,0,1159
2025-12-13,Antibiotics,715,85,0,630
2025-12-13,IV Fluids,1465,103,0,1362
2025-12-14,Paracetamol,783,47,0,736
2025-12-14,Amoxicillin,316,76,1315,1555
2025-12-14,Insulin,1159,40,0,1119
2025-12-14,Antibiotics,630,149,0,481
2025-12-14,IV Fluids,1362,108,0,1254
2025-12-15,Paracetamol,736,123,0,613
2025-12-15,Amoxicillin,1555,97,0,1458
2025-12-15,Insulin,1119,139,0,980
2025-12-15,Antibiotics,481,71,0,410
2025-12-15,IV Fluids,1254,122,0,1132
2025-12-16,Paracetamol,613,36,0,577
2025-12-16,Amoxicillin,1458,129,0,1329
2025-12-16,Insulin,980,125,0,855
2025-12-16,Antibiotics,410,131,1151,1430
2025-12-16,IV Fluids,1132,125,0,1007
2025-12-17,Paracetamol,577,33,0,544
2025-12-17,Amoxicillin,1329,83,0,1246
2025-12-17,Insulin,855,78,0,777
2025-12-17,Antibiotics,1430,129,0,1301
2025-12-17,IV Fluids,1007,103,0,904
2025-12-18,Paracetamol,544,143,0,401
2025-12-18,Amoxicillin,1246,125,0,1121
2025-12-18,Insulin,777,34,0,743
2025-12-18,Antibiotics,1301,146,0,1155
2025-12-18,IV Fluids,904,101,0,803
2025-12-19,Paracetamol,401,61,0,340
2025-12-19,Amoxicillin,1121,113,0,1008
2025-12-19,Insulin,743,132,0,611
2025-12-19,Antibiotics,1155,60,0,1095
2025-12-19,IV Fluids,803,138,0,665
2025-12-20,Paracetamol,340,22,0,318
2025-12-20,Amoxicillin,1008,55,0,953
2025-12-20,Insulin,611,141,0,470
2025-12-20,Antibiotics,1095,107,0,988
2025-12-20,IV Fluids,665,104,0,561
2025-12-21,Paracetamol,318,131,1616,1803
2025-12-21,Amoxicillin,953,26,0,927
2025-12-21,Insulin,470,118,0,352
2025-12-21,Antibiotics,988,148,0,840
2025-12-21,IV Fluids,561,64,0,497
2025-12-22,Paracetamol,1803,143,0,1660
2025-12-22,Amoxicillin,927,111,0,816
2025-12-22,Insulin,352,96,1222,1478
2025-12-22,Antibiotics,840,21,0,819
2025-12-22,IV Fluids,497,37,0,460
2025-12-23,Paracetamol,1660,80,0,1580
2025-12-23,Amoxicillin,816,141,0,675
2025-12-23,Insulin,1478,22,0,1456
2025-12-23,Antibiotics,819,142,0,677
2025-12-23,IV Fluids,460,45,0,415
2025-12-24,Paracetamol,1580,122,0,1458
2025-12-24,Amoxicillin,675,114,0,561
2025-12-24,Insulin,1456,36,0,1420
2025-12-24,Antibiotics,677,87,0,590
2025-12-24,IV Fluids,415,107,0,308
2025-12-25,Paracetamol,1458,60,0,1398
2025-12-25,Amoxicillin,561,114,0,447
2025-12-25,Insulin,1420,46,0,1374
2025-12-25,Antibiotics,590,94,0,496
2025-12-25,IV Fluids,308,149,1049,1208
2025-12-26,Paracetamol,1398,89,0,1309
2025-12-26,Amoxicillin,447,80,0,367
2025-12-26,Insulin,1374,87,0,1287
2025-12-26,Antibiotics,496,56,0,440
2025-12-26,IV Fluids,1208,70,0,1138
2025-12-27,Paracetamol,1309,144,0,1165
2025-12-27,Amoxicillin,367,122,1821,2066
2025-12-27,Insulin,1287,88,0,1199
2025-12-27,Antibiotics,440,61,0,379
2025-12-27,IV Fluids,1138,47,0,1091
2025-12-28,Paracetamol,1165,144,0,1021
2025-12-28,Amoxicillin,2066,52,0,2014
2025-12-28,Insulin,1199,95,0,1104
2025-12-28,Antibiotics,379,29,0,350
2025-12-28,IV Fluids,1091,27,0,1064
2025-12-29,Paracetamol,1021,127,0,894
2025-12-29,Amoxicillin,2014,29,0,1985
2025-12-29,Insulin,1104,86,0,1018
2025-12-29,Antibiotics,350,74,1648,1924
2025-12-29,IV Fluids,1064,139,0,925
2025-12-30,Paracetamol,894,25,0,869
2025-12-30,Amoxicillin,1985,56,0,1929
2025-12-30,Insulin,1018,57,0,961
2025-12-30,Antibiotics,1924,118,0,1806
2025-12-30,IV Fluids,925,37,0,888
2025-12-31,Paracetamol,869,139,0,730
2025-12-31,Amoxicillin,1929,141,0,1788
2025-12-31,Insulin,961,52,0,909
2025-12-31,Antibiotics,1806,104,0,1702
2025-12-31,IV Fluids,888,34,0,854
2026-01-01,Paracetamol,730,77,0,653
2026-01-01,Amoxicillin,1788,61,0,1727
2026-01-01,Insulin,909,84,0,825
2026-01-01,Antibiotics,1702,88,0,1614
2026-01-01,IV Fluids,854,70,0,784
2026-01-02,Paracetamol,653,139,0,514
2026-01-02,Amoxicillin,1727,51,0,1676
2026-01-02,Insulin,825,29,0,796
2026-01-02,Antibiotics,1614,116,0,1498
2026-01-02,IV Fluids,784,55,0,729
2026-01-03,Paracetamol,514,20,0,494
2026-01-03,Amoxicillin,1676,33,0,1643
2026-01-03,Insulin,796,126,0,670
2026-01-03,Antibiotics,1498,56,0,1442
2026-01-03,IV Fluids,729,109,0,620
2026-01-04,Paracetamol,494,34,0,460
2026-01-04,Amoxicillin,1643,27,0,1616
2026-01-04,Insulin,670,55,0,615
2026-01-04,Antibiotics,1442,125,0,1317
2026-01-04,IV Fluids,620,96,0,524
2026-01-05,Paracetamol,460,97,0,363
2026-01-05,Amoxicillin,1616,30,0,1586
2026-01-05,Insulin,615,32,0,583
2026-01-05,Antibiotics,1317,20,0,1297
2026-01-05,IV Fluids,524,23,0,501
2026-01-06,Paracetamol,363,98,1034,1299
2026-01-06,Amoxicillin,1586,66,0,1520
2026-01-06,Insulin,583,40,0,543
2026-01-06,Antibiotics,1297,58,0,1239
2026-01-06,IV Fluids,501,128,0,373
2026-01-07,Paracetamol,1299,33,0,1266
2026-01-07,Amoxicillin,1520,90,0,1430
2026-01-07,Insulin,543,22,0,521
2026-01-07,Antibiotics,1239,135,0,1104
2026-01-07,IV Fluids,373,58,0,315
2026-01-08,Paracetamol,1266,101,0,1165
2026-01-08,Amoxicillin,1430,120,0,1310
2026-01-08,Insulin,521,80,0,441
2026-01-08,Antibiotics,1104,82,0,1022
2026-01-08,IV Fluids,315,31,1388,1672
2026-01-09,Paracetamol,1165,134,0,1031
2026-01-09,Amoxicillin,1310,120,0,1190
2026-01-09,Insulin,441,97,0,344
2026-01-09,Antibiotics,1022,140,0,882
2026-01-09,IV Fluids,1672,110,0,1562
2026-01-10,Paracetamol,1031,31,0,1000
2026-01-10,Amoxicillin,1190,25,0,1165
2026-01-10,Insulin,344,115,1304,1533
2026-01-10,Antibiotics,882,47,0,835
2026-01-10,IV Fluids,1562,128,0,1434
2026-01-11,Paracetamol,1000,112,0,888
2026-01-11,Amoxicillin,1165,64,0,1101
2026-01-11,Insulin,1533,32,0,1501
2026-01-11,Antibiotics,835,57,0,778
2026-01-11,IV Fluids,1434,26,0,1408
2026-01-12,Paracetamol,888,33,0,855
2026-01-12,Amoxicillin,1101,105,0,996
2026-01-12,Insulin,1501,75,0,1426
2026-01-12,Antibiotics,778,128,0,650
2026-01-12,IV Fluids,1408,138,0,1270
2026-01-13,Paracetamol,855,87,0,768
2026-01-13,Amoxicillin,996,69,0,927
2026-01-13,Insulin,1426,42,0,1384
2026-01-13,Antibiotics,650,32,0,618
2026-01-13,IV Fluids,1270,24,0,1246
2026-01-14,Paracetamol,768,89,0,679
2026-01-14,Amoxicillin,927,85,0,842
2026-01-14,Insulin,1384,72,0,1312
2026-01-14,Antibiotics,618,51,0,567
2026-01-14,IV Fluids,1246,120,0,1126
2026-01-15,Paracetamol,679,106,0,573
2026-01-15,Amoxicillin,842,92,0,750
2026-01-15,Insulin,1312,95,0,1217
2026-01-15,Antibiotics,567,135,0,432
2026-01-15,IV Fluids,1126,83,0,1043
2026-01-16,Paracetamol,573,21,0,552
2026-01-16,Amoxicillin,750,39,0,711
2026-01-16,Insulin,1217,73,0,1144
2026-01-16,Antibiotics,432,66,0,366
2026-01-16,IV Fluids,1043,68,0,975
2026-01-17,Paracetamol,552,29,0,523
2026-01-17,Amoxicillin,711,102,0,609
2026-01-17,Insulin,1144,37,0,1107
2026-01-17,Antibiotics,366,80,1354,1640
2026-01-17,IV Fluids,975,95,0,880
2026-01-18,Paracetamol,523,137,0,386
2026-01-18,Amoxicillin,609,91,0,518
2026-01-18,Insulin,1107,67,0,1040
2026-01-18,Antibiotics,1640,106,0,1534
2026-01-18,IV Fluids,880,93,0,787
2026-01-19,Paracetamol,386,61,0,325
2026-01-19,Amoxicillin,518,51,0,467
2026-01-19,Insulin,1040,23,0,1017
2026-01-19,Antibiotics,1534,57,0,1477
2026-01-19,IV Fluids,787,85,0,702
2026-01-20,Paracetamol,325,27,1305,1603
2026-01-20,Amoxicillin,467,61,0,406
2026-01-20,Insulin,1017,127,0,890
2026-01-20,Antibiotics,1477,54,0,1423
2026-01-20,IV Fluids,702,112,0,590
2026-01-21,Paracetamol,1603,82,0,1521
2026-01-21,Amoxicillin,406,87,0,319
2026-01-21,Insulin,890,45,0,845
2026-01-21,Antibiotics,1423,118,0,1305
2026-01-21,IV Fluids,590,61,0,529
2026-01-22,Paracetamol,1521,43,0,1478
2026-01-22,Amoxicillin,319,125,1103,1297
2026-01-22,Insulin,845,76,0,769
2026-01-22,Antibiotics,1305,146,0,1159
2026-01-22,IV Fluids,529,115,0,414
2026-01-23,Paracetamol,1478,57,0,1421
2026-01-23,Amoxicillin,1297,69,0,1228
2026-01-23,Insulin,769,46,0,723
2026-01-23,Antibiotics,1159,49,0,1110
2026-01-23,IV Fluids,414,77,0,337
2026-01-24,Paracetamol,1421,37,0,1384
2026-01-24,Amoxicillin,1228,75,0,1153
2026-01-24,Insulin,723,46,0,677
2026-01-24,Antibiotics,1110,84,0,1026
2026-01-24,IV Fluids,337,45,1213,1505
2026-01-25,Paracetamol,1384,72,0,1312
2026-01-25,Amoxicillin,1153,59,0,1094
2026-01-25,Insulin,677,66,0,611
2026-01-25,Antibiotics,1026,68,0,958
2026-01-25,IV Fluids,1505,122,0,1383
2026-01-26,Paracetamol,1312,88,0,1224
2026-01-26,Amoxicillin,1094,141,0,953
2026-01-26,Insulin,611,102,0,509
2026-01-26,Antibiotics,958,85,0,873
2026-01-26,IV Fluids,1383,88,0,1295
2026-01-27,Paracetamol,1224,139,0,1085
2026-01-27,Amoxicillin,953,93,0,860
2026-01-27,Insulin,509,89,0,420
2026-01-27,Antibiotics,873,50,0,823
2026-01-27,IV Fluids,1295,50,0,1245
2026-01-28,Paracetamol,1085,123,0,962
2026-01-28,Amoxicillin,860,128,0,732
2026-01-28,Insulin,420,119,0,301
2026-01-28,Antibiotics,823,64,0,759
2026-01-28,IV Fluids,1245,114,0,1131
2026-01-29,Paracetamol,962,149,0,813
2026-01-29,Amoxicillin,732,41,0,691
2026-01-29,Insulin,301,72,1444,1673
2026-01-29,Antibiotics,759,51,0,708
2026-01-29,IV Fluids,1131,84,0,1047
2026-01-30,Paracetamol,813,62,0,751
2026-01-30,Amoxicillin,691,53,0,638
2026-01-30,Insulin,1673,77,0,1596
2026-01-30,Antibiotics,708,146,0,562
2026-01-30,IV Fluids,1047,28,0,1019
2026-01-31,Paracetamol,751,45,0,706
2026-01-31,Amoxicillin,638,109,0,529
2026-01-31,Insulin,1596,112,0,1484
2026-01-31,Antibiotics,562,129,0,433
2026-01-31,IV Fluids,1019,118,0,901
2026-02-01,Paracetamol,706,49,0,657
2026-02-01,Amoxicillin,529,81,0,448
2026-02-01,Insulin,1484,112,0,1372
2026-02-01,Antibiotics,433,89,0,344
2026-02-01,IV Fluids,901,140,0,761
2026-02-02,Paracetamol,657,88,0,569
2026-02-02,Amoxicillin,448,69,0,379
2026-02-02,Insulin,1372,61,0,1311
2026-02-02,Antibiotics,344,62,1496,1778
2026-02-02,IV Fluids,761,63,0,698
2026-02-03,Paracetamol,569,148,0,421
2026-02-03,Amoxicillin,379,63,0,316
2026-02-03,Insulin,1311,138,0,1173
2026-02-03,Antibiotics,1778,74,0,1704
2026-02-03,IV Fluids,698,43,0,655
2026-02-04,Paracetamol,421,61,0,360
2026-02-04,Amoxicillin,316,37,1705,1984
2026-02-04,Insulin,1173,92,0,1081
2026-02-04,Antibiotics,1704,95,0,1609
2026-02-04,IV Fluids,655,92,0,563
2026-02-05,Paracetamol,360,121,1781,2020
2026-02-05,Amoxicillin,1984,84,0,1900
2026-02-05,Insulin,1081,146,0,935
2026-02-05,Antibiotics,1609,32,0,1577
2026-02-05,IV Fluids,563,108,0,455
2026-02-06,Paracetamol,2020,73,0,1947
2026-02-06,Amoxicillin,1900,83,0,1817
2026-02-06,Insulin,935,62,0,873
2026-02-06,Antibiotics,1577,68,0,1509
2026-02-06,IV Fluids,455,147,0,308
2026-02-07,Paracetamol,1947,142,0,1805
2026-02-07,Amoxicillin,1817,124,0,1693
2026-02-07,Insulin,873,99,0,774
2026-02-07,Antibiotics,1509,120,0,1389
2026-02-07,IV Fluids,308,110,1625,1823
2026-02-08,Paracetamol,1805,41,0,1764
2026-02-08,Amoxicillin,1693,101,0,1592
2026-02-08,Insulin,774,136,0,638
2026-02-08,Antibiotics,1389,26,0,1363
2026-02-08,IV Fluids,1823,140,0,1683
2026-02-09,Paracetamol,1764,69,0,1695
2026-02-09,Amoxicillin,1592,78,0,1514
2026-02-09,Insulin,638,74,0,564
2026-02-09,Antibiotics,1363,68,0,1295
2026-02-09,IV Fluids,1683,110,0,1573
2026-02-10,Paracetamol,1695,85,0,1610
2026-02-10,Amoxicillin,1514,129,0,1385
2026-02-10,Insulin,564,132,0,432
2026-02-10,Antibiotics,1295,49,0,1246
2026-02-10,IV Fluids,1573,108,0,1465
2026-02-11,Paracetamol,1610,136,0,1474
2026-02-11,Amoxicillin,1385,74,0,1311
2026-02-11,Insulin,432,40,0,392
2026-02-11,Antibiotics,1246,95,0,1151
2026-02-11,IV Fluids,1465,71,0,1394
2026-02-12,Paracetamol,1474,69,0,1405
2026-02-12,Amoxicillin,1311,123,0,1188
2026-02-12,Insulin,392,54,0,338
2026-02-12,Antibiotics,1151,23,0,1128
2026-02-12,IV Fluids,1394,96,0,1298
2026-02-13,Paracetamol,1405,59,0,1346
2026-02-13,Amoxicillin,1188,78,0,1110
2026-02-13,Insulin,338,60,1226,1504
2026-02-13,Antibiotics,1128,129,0,999
2026-02-13,IV Fluids,1298,31,0,1267
2026-02-14,Paracetamol,1346,84,0,1262
2026-02-14,Amoxicillin,1110,107,0,1003
2026-02-14,Insulin,1504,118,0,1386
2026-02-14,Antibiotics,999,142,0,857
2026-02-14,IV Fluids,1267,113,0,1154
2026-02-15,Paracetamol,1262,36,0,1226
2026-02-15,Amoxicillin,1003,71,0,932
2026-02-15,Insulin,1386,37,0,1349
2026-02-15,Antibiotics,857,52,0,805
2026-02-15,IV Fluids,1154,83,0,1071
2026-02-16,Paracetamol,1226,101,0,1125
2026-02-16,Amoxicillin,932,52,0,880
2026-02-16,Insulin,1349,62,0,1287
2026-02-16,Antibiotics,805,101,0,704
2026-02-16,IV Fluids,1071,35,0,1036
2026-02-17,Paracetamol,1125,44,0,1081
2026-02-17,Amoxicillin,880,26,0,854
2026-02-17,Insulin,1287,33,0,1254
2026-02-17,Antibiotics,704,58,0,646
2026-02-17,IV Fluids,1036,81,0,955
2026-02-18,Paracetamol,1081,39,0,1042
2026-02-18,Amoxicillin,854,30,0,824
2026-02-18,Insulin,1254,123,0,1131
2026-02-18,Antibiotics,646,57,0,589
2026-02-18,IV Fluids,955,24,0,931
2026-02-19,Paracetamol,1042,119,0,923
2026-02-19,Amoxicillin,824,93,0,731
2026-02-19,Insulin,1131,23,0,1108
2026-02-19,Antibiotics,589,70,0,519
2026-02-19,IV Fluids,931,25,0,906
2026-02-20,Paracetamol,923,83,0,840
2026-02-20,Amoxicillin,731,82,0,649
2026-02-20,Insulin,1108,55,0,1053
2026-02-20,Antibiotics,519,134,0,385
2026-02-20,IV Fluids,906,24,0,882
2026-02-21,Paracetamol,840,62,0,778
2026-02-21,Amoxicillin,649,148,0,501
2026-02-21,Insulin,1053,68,0,985
2026-02-21,Antibiotics,385,39,0,346
2026-02-21,IV Fluids,882,23,0,859
2026-02-22,Paracetamol,778,134,0,644
2026-02-22,Amoxicillin,501,27,0,474
2026-02-22,Insulin,985,40,0,945
2026-02-22,Antibiotics,346,41,0,305
2026-02-22,IV Fluids,859,34,0,825
2026-02-23,Paracetamol,644,143,0,501
2026-02-23,Amoxicillin,474,41,0,433
2026-02-23,Insulin,945,62,0,883
2026-02-23,Antibiotics,305,128,1249,1426
2026-02-23,IV Fluids,825,121,0,704
2026-02-24,Paracetamol,501,35,0,466
2026-02-24,Amoxicillin,433,80,0,353
2026-02-24,Insulin,883,76,0,807
2026-02-24,Antibiotics,1426,72,0,1354
2026-02-24,IV Fluids,704,67,0,637
2026-02-25,Paracetamol,466,93,0,373
2026-02-25,Amoxicillin,353,30,0,323
2026-02-25,Insulin,807,53,0,754
2026-02-25,Antibiotics,1354,42,0,1312
2026-02-25,IV Fluids,637,59,0,578
2026-02-26,Paracetamol,373,79,1312,1606
2026-02-26,Amoxicillin,323,28,1462,1757
2026-02-26,Insulin,754,127,0,627
2026-02-26,Antibiotics,1312,22,0,1290
2026-02-26,IV Fluids,578,82,0,496
2026-02-27,Paracetamol,1606,122,0,1484
2026-02-27,Amoxicillin,1757,112,0,1645
2026-02-27,Insulin,627,77,0,550
2026-02-27,Antibiotics,1290,125,0,1165
2026-02-27,IV Fluids,496,127,0,369
2026-02-28,Paracetamol,1484,20,0,1464
2026-02-28,Amoxicillin,1645,30,0,1615
2026-02-28,Insulin,550,51,0,499
2026-02-28,Antibiotics,1165,141,0,1024
2026-02-28,IV Fluids,369,58,0,311
2026-03-01,Paracetamol,1464,137,0,1327
2026-03-01,Amoxicillin,1615,113,0,1502
2026-03-01,Insulin,499,137,0,362
2026-03-01,Antibiotics,1024,136,0,888
2026-03-01,IV Fluids,311,58,1751,2004
2026-03-02,Paracetamol,1327,103,0,1224
2026-03-02,Amoxicillin,1502,126,0,1376
2026-03-02,Insulin,362,94,1390,1658
2026-03-02,Antibiotics,888,136,0,752
2026-03-02,IV Fluids,2004,81,0,1923
2026-03-03,Paracetamol,1224,123,0,1101
2026-03-03,Amoxicillin,1376,73,0,1303
2026-03-03,Insulin,1658,126,0,1532
2026-03-03,Antibiotics,752,112,0,640
2026-03-03,IV Fluids,1923,106,0,1817
2026-03-04,Paracetamol,1101,143,0,958
2026-03-04,Amoxicillin,1303,44,0,1259
2026-03-04,Insulin,1532,121,0,1411
2026-03-04,Antibiotics,640,133,0,507
2026-03-04,IV Fluids,1817,129,0,1688
2026-03-05,Paracetamol,958,54,0,904
2026-03-05,Amoxicillin,1259,107,0,1152
2026-03-05,Insulin,1411,48,0,1363
2026-03-05,Antibiotics,507,74,0,433
2026-03-05,IV Fluids,1688,114,0,1574
2026-03-06,Paracetamol,904,100,0,804
2026-03-06,Amoxicillin,1152,147,0,1005
2026-03-06,Insulin,1363,103,0,1260
2026-03-06,Antibiotics,433,70,0,363
2026-03-06,IV Fluids,1574,51,0,1523
2026-03-07,Paracetamol,804,52,0,752
2026-03-07,Amoxicillin,1005,76,0,929
2026-03-07,Insulin,1260,37,0,1223
2026-03-07,Antibiotics,363,32,0,331
2026-03-07,IV Fluids,1523,103,0,1420
2026-03-08,Paracetamol,752,28,0,724
2026-03-08,Amoxicillin,929,88,0,841
2026-03-08,Insulin,1223,131,0,1092
2026-03-08,Antibiotics,331,42,1079,1368
2026-03-08,IV Fluids,1420,107,0,1313
2026-03-09,Paracetamol,724,79,0,645
2026-03-09,Amoxicillin,841,127,0,714
2026-03-09,Insulin,1092,46,0,1046
2026-03-09,Antibiotics,1368,96,0,1272
2026-03-09,IV Fluids,1313,123,0,1190
2026-03-10,Paracetamol,645,98,0,547
2026-03-10,Amoxicillin,714,41,0,673
2026-03-10,Insulin,1046,78,0,968
2026-03-10,Antibiotics,1272,23,0,1249
2026-03-10,IV Fluids,1190,128,0,1062
2026-03-11,Paracetamol,547,81,0,466
2026-03-11,Amoxicillin,673,27,0,646
2026-03-11,Insulin,968,137,0,831
2026-03-11,Antibiotics,1249,147,0,1102
2026-03-11,IV Fluids,1062,81,0,981
2026-03-12,Paracetamol,466,25,0,441
2026-03-12,Amoxicillin,646,75,0,571
2026-03-12,Insulin,831,147,0,684
2026-03-12,Antibiotics,1102,87,0,1015
2026-03-12,IV Fluids,981,53,0,928
2026-03-13,Paracetamol,441,147,1751,2045
2026-03-13,Amoxicillin,571,107,0,464
2026-03-13,Insulin,684,80,0,604
2026-03-13,Antibiotics,1015,139,0,876
2026-03-13,IV Fluids,928,128,0,800
2026-03-14,Paracetamol,2045,124,0,1921
2026-03-14,Amoxicillin,464,52,0,412
2026-03-14,Insulin,604,54,0,550
2026-03-14,Antibiotics,876,108,0,768
2026-03-14,IV Fluids,800,66,0,734
2026-03-15,Paracetamol,1921,21,0,1900
2026-03-15,Amoxicillin,412,51,0,361
2026-03-15,Insulin,550,22,0,528
2026-03-15,Antibiotics,768,36,0,732
2026-03-15,IV Fluids,734,128,0,606
2026-03-16,Paracetamol,1900,113,0,1787
2026-03-16,Amoxicillin,361,81,1933,2213
2026-03-16,Insulin,528,40,0,488
2026-03-16,Antibiotics,732,42,0,690
2026-03-16,IV Fluids,606,115,0,491
2026-03-17,Paracetamol,1787,54,0,1733
2026-03-17,Amoxicillin,2213,44,0,2169
2026-03-17,Insulin,488,98,0,390
2026-03-17,Antibiotics,690,82,0,608
2026-03-17,IV Fluids,491,98,0,393
2026-03-18,Paracetamol,1733,94,0,1639
2026-03-18,Amoxicillin,2169,74,0,2095
2026-03-18,Insulin,390,67,0,323
2026-03-18,Antibiotics,608,149,0,459
2026-03-18,IV Fluids,393,137,1534,1790
2026-03-19,Paracetamol,1639,101,0,1538
2026-03-19,Amoxicillin,2095,49,0,2046
2026-03-19,Insulin,323,47,1232,1508
2026-03-19,Antibiotics,459,114,0,345
2026-03-19,IV Fluids,1790,29,0,1761
2026-03-20,Paracetamol,1538,82,0,1456
2026-03-20,Amoxicillin,2046,61,0,1985
2026-03-20,Insulin,1508,30,0,1478
2026-03-20,Antibiotics,345,81,1627,1891
2026-03-20,IV Fluids,1761,79,0,1682
2026-03-21,Paracetamol,1456,112,0,1344
2026-03-21,Amoxicillin,1985,97,0,1888
2026-03-21,Insulin,1478,100,0,1378
2026-03-21,Antibiotics,1891,149,0,1742
2026-03-21,IV Fluids,1682,53,0,1629
2026-03-22,Paracetamol,1344,114,0,1230
2026-03-22,Amoxicillin,1888,21,0,1867
2026-03-22,Insulin,1378,133,0,1245
2026-03-22,Antibiotics,1742,148,0,1594
2026-03-22,IV Fluids,1629,118,0,1511
2026-03-23,Paracetamol,1230,116,0,1114
2026-03-23,Amoxicillin,1867,124,0,1743
2026-03-23,Insulin,1245,55,0,1190
2026-03-23,Antibiotics,1594,25,0,1569
2026-03-23,IV Fluids,1511,143,0,1368
2026-03-24,Paracetamol,1114,23,0,1091
2026-03-24,Amoxicillin,1743,128,0,1615
2026-03-24,Insulin,1190,83,0,1107
2026-03-24,Antibiotics,1569,74,0,1495
2026-03-24,IV Fluids,1368,98,0,1270
2026-03-25,Paracetamol,1091,122,0,969
2026-03-25,Amoxicillin,1615,28,0,1587
2026-03-25,Insulin,1107,74,0,1033
2026-03-25,Antibiotics,1495,53,0,1442
2026-03-25,IV Fluids,1270,149,0,1121
2026-03-26,Paracetamol,969,126,0,843
2026-03-26,Amoxicillin,1587,91,0,1496
2026-03-26,Insulin,1033,146,0,887
2026-03-26,Antibiotics,1442,84,0,1358
2026-03-26,IV Fluids,1121,73,0,1048
2026-03-27,Paracetamol,843,46,0,797
2026-03-27,Amoxicillin,1496,68,0,1428
2026-03-27,Insulin,887,113,0,774
2026-03-27,Antibiotics,1358,66,0,1292
2026-03-27,IV Fluids,1048,31,0,1017
2026-03-28,Paracetamol,797,124,0,673
2026-03-28,Amoxicillin,1428,108,0,1320
2026-03-28,Insulin,774,89,0,685
2026-03-28,Antibiotics,1292,36,0,1256
2026-03-28,IV Fluids,1017,69,0,948
2026-03-29,Paracetamol,673,51,0,622
2026-03-29,Amoxicillin,1320,85,0,1235
2026-03-29,Insulin,685,122,0,563
2026-03-29,Antibiotics,1256,48,0,1208
2026-03-29,IV Fluids,948,54,0,894
2026-03-30,Paracetamol,622,44,0,578
2026-03-30,Amoxicillin,1235,118,0,1117
2026-03-30,Insulin,563,139,0,424
2026-03-30,Antibiotics,1208,97,0,1111
2026-03-30,IV Fluids,894,44,0,850
2026-03-31,Paracetamol,578,149,0,429
2026-03-31,Amoxicillin,1117,138,0,979
2026-03-31,Insulin,424,48,0,376
2026-03-31,Antibiotics,1111,34,0,1077
2026-03-31,IV Fluids,850,124,0,726
2026-04-01,Paracetamol,429,43,0,386
2026-04-01,Amoxicillin,979,114,0,865
2026-04-01,Insulin,376,136,1377,1617
2026-04-01,Antibiotics,1077,25,0,1052
2026-04-01,IV Fluids,726,148,0,578
2026-04-02,Paracetamol,386,69,0,317
2026-04-02,Amoxicillin,865,54,0,811
2026-04-02,Insulin,1617,138,0,1479
2026-04-02,Antibiotics,1052,112,0,940
2026-04-02,IV Fluids,578,124,0,454
2026-04-03,Paracetamol,317,141,1608,1784
2026-04-03,Amoxicillin,811,23,0,788
2026-04-03,Insulin,1479,38,0,1441
2026-04-03,Antibiotics,940,118,0,822
2026-04-03,IV Fluids,454,102,0,352
2026-04-04,Paracetamol,1784,147,0,1637
2026-04-04,Amoxicillin,788,136,0,652
2026-04-04,Insulin,1441,48,0,1393
2026-04-04,Antibiotics,822,68,0,754
2026-04-04,IV Fluids,352,103,1063,1312
2026-04-05,Paracetamol,1637,39,0,1598
2026-04-05,Amoxicillin,652,138,0,514
2026-04-05,Insulin,1393,82,0,1311
2026-04-05,Antibiotics,754,72,0,682
2026-04-05,IV Fluids,1312,142,0,1170
2026-04-06,Paracetamol,1598,137,0,1461
2026-04-06,Amoxicillin,514,68,0,446
2026-04-06,Insulin,1311,28,0,1283
2026-04-06,Antibiotics,682,88,0,594
2026-04-06,IV Fluids,1170,30,0,1140
2026-04-07,Paracetamol,1461,114,0,1347
2026-04-07,Amoxicillin,446,136,0,310
2026-04-07,Insulin,1283,83,0,1200
2026-04-07,Antibiotics,594,124,0,470
2026-04-07,IV Fluids,1140,60,0,1080
2026-04-08,Paracetamol,1347,35,0,1312
2026-04-08,Amoxicillin,310,126,1883,2067
2026-04-08,Insulin,1200,44,0,1156
2026-04-08,Antibiotics,470,102,0,368
2026-04-08,IV Fluids,1080,63,0,1017
2026-04-09,Paracetamol,1312,137,0,1175
2026-04-09,Amoxicillin,2067,126,0,1941
2026-04-09,Insulin,1156,81,0,1075
2026-04-09,Antibiotics,368,38,0,330
2026-04-09,IV Fluids,1017,39,0,978
2026-04-10,Paracetamol,1175,75,0,1100
2026-04-10,Amoxicillin,1941,28,0,1913
2026-04-10,Insulin,1075,64,0,1011
2026-04-10,Antibiotics,330,23,0,307
2026-04-10,IV Fluids,978,110,0,868
2026-04-11,Paracetamol,1100,145,0,955
2026-04-11,Amoxicillin,1913,108,0,1805
2026-04-11,Insulin,1011,21,0,990
2026-04-11,Antibiotics,307,52,1878,2133
2026-04-11,IV Fluids,868,56,0,812
2026-04-12,Paracetamol,955,50,0,905
2026-04-12,Amoxicillin,1805,93,0,1712
2026-04-12,Insulin,990,25,0,965
2026-04-12,Antibiotics,2133,97,0,2036
2026-04-12,IV Fluids,812,64,0,748
2026-04-13,Paracetamol,905,79,0,826
2026-04-13,Amoxicillin,1712,110,0,1602
2026-04-13,Insulin,965,41,0,924
2026-04-13,Antibiotics,2036,40,0,1996
2026-04-13,IV Fluids,748,55,0,693
2026-04-14,Paracetamol,826,105,0,721
2026-04-14,Amoxicillin,1602,100,0,1502
2026-04-14,Insulin,924,90,0,834
2026-04-14,Antibiotics,1996,115,0,1881
2026-04-14,IV Fluids,693,83,0,610
2026-04-15,Paracetamol,721,147,0,574
2026-04-15,Amoxicillin,1502,78,0,1424
2026-04-15,Insulin,834,120,0,714
2026-04-15,Antibiotics,1881,132,0,1749
2026-04-15,IV Fluids,610,63,0,547
2026-04-16,Paracetamol,574,29,0,545
2026-04-16,Amoxicillin,1424,148,0,1276
2026-04-16,Insulin,714,148,0,566
2026-04-16,Antibiotics,1749,51,0,1698
2026-04-16,IV Fluids,547,129,0,418
2026-04-17,Paracetamol,545,80,0,465
2026-04-17,Amoxicillin,1276,140,0,1136
2026-04-17,Insulin,566,74,0,492
2026-04-17,Antibiotics,1698,41,0,1657
2026-04-17,IV Fluids,418,30,0,388
2026-04-18,Paracetamol,465,95,0,370
2026-04-18,Amoxicillin,1136,95,0,1041
2026-04-18,Insulin,492,64,0,428
2026-04-18,Antibiotics,1657,77,0,1580
2026-04-18,IV Fluids,388,81,0,307
2026-04-19,Paracetamol,370,93,1833,2110
2026-04-19,Amoxicillin,1041,81,0,960
2026-04-19,Insulin,428,96,0,332
2026-04-19,Antibiotics,1580,69,0,1511
2026-04-19,IV Fluids,307,141,1837,2003
2026-04-20,Paracetamol,2110,134,0,1976
2026-04-20,Amoxicillin,960,121,0,839
2026-04-20,Insulin,332,44,1561,1849
2026-04-20,Antibiotics,1511,120,0,1391
2026-04-20,IV Fluids,2003,67,0,1936
2026-04-21,Paracetamol,1976,72,0,1904
2026-04-21,Amoxicillin,839,40,0,799
2026-04-21,Insulin,1849,91,0,1758
2026-04-21,Antibiotics,1391,52,0,1339
2026-04-21,IV Fluids,1936,78,0,1858
2026-04-22,Paracetamol,1904,115,0,1789
2026-04-22,Amoxicillin,799,36,0,763
2026-04-22,Insulin,1758,83,0,1675
2026-04-22,Antibiotics,1339,77,0,1262
2026-04-22,IV Fluids,1858,22,0,1836
2026-04-23,Paracetamol,1789,87,0,1702
2026-04-23,Amoxicillin,763,111,0,652
2026-04-23,Insulin,1675,66,0,1609
2026-04-23,Antibiotics,1262,130,0,1132
2026-04-23,IV Fluids,1836,92,0,1744
2026-04-24,Paracetamol,1702,88,0,1614
2026-04-24,Amoxicillin,652,120,0,532
2026-04-24,Insulin,1609,144,0,1465
2026-04-24,Antibiotics,1132,106,0,1026
2026-04-24,IV Fluids,1744,89,0,1655
2026-04-25,Paracetamol,1614,85,0,1529
2026-04-25,Amoxicillin,532,38,0,494
2026-04-25,Insulin,1465,48,0,1417
2026-04-25,Antibiotics,1026,110,0,916
2026-04-25,IV Fluids,1655,91,0,1564
2026-04-26,Paracetamol,1529,27,0,1502
2026-04-26,Amoxicillin,494,33,0,461
2026-04-26,Insulin,1417,114,0,1303
2026-04-26,Antibiotics,916,93,0,823
2026-04-26,IV Fluids,1564,21,0,1543
2026-04-27,Paracetamol,1502,132,0,1370
2026-04-27,Amoxicillin,461,103,0,358
2026-04-27,Insulin,1303,81,0,1222
2026-04-27,Antibiotics,823,31,0,792
2026-04-27,IV Fluids,1543,101,0,1442
2026-04-28,Paracetamol,1370,53,0,1317
2026-04-28,Amoxicillin,358,22,0,336
2026-04-28,Insulin,1222,59,0,1163
2026-04-28,Antibiotics,792,92,0,700
2026-04-28,IV Fluids,1442,35,0,1407
2026-04-29,Paracetamol,1317,26,0,1291
2026-04-29,Amoxicillin,336,106,1067,1297
2026-04-29,Insulin,1163,128,0,1035
2026-04-29,Antibiotics,700,122,0,578
2026-04-29,IV Fluids,1407,42,0,1365
2026-04-30,Paracetamol,1291,22,0,1269
2026-04-30,Amoxicillin,1297,132,0,1165
2026-04-30,Insulin,1035,109,0,926
2026-04-30,Antibiotics,578,112,0,466
2026-04-30,IV Fluids,1365,70,0,1295
2026-05-01,Paracetamol,1269,20,0,1249
2026-05-01,Amoxicillin,1165,61,0,1104
2026-05-01,Insulin,926,115,0,811
2026-05-01,Antibiotics,466,68,0,398
2026-05-01,IV Fluids,1295,69,0,1226
2026-05-02,Paracetamol,1249,110,0,1139
2026-05-02,Amoxicillin,1104,31,0,1073
2026-05-02,Insulin,811,106,0,705
2026-05-02,Antibiotics,398,20,0,378
2026-05-02,IV Fluids,1226,87,0,1139
2026-05-03,Paracetamol,1139,59,0,1080
2026-05-03,Amoxicillin,1073,88,0,985
2026-05-03,Insulin,705,65,0,640
2026-05-03,Antibiotics,378,128,1395,1645
2026-05-03,IV Fluids,1139,41,0,1098
2026-05-04,Paracetamol,1080,110,0,970
2026-05-04,Amoxicillin,985,66,0,919
2026-05-04,Insulin,640,38,0,602
2026-05-04,Antibiotics,1645,116,0,1529
2026-05-04,IV Fluids,1098,132,0,966
2026-05-05,Paracetamol,970,78,0,892
2026-05-05,Amoxicillin,919,149,0,770
2026-05-05,Insulin,602,51,0,551
2026-05-05,Antibiotics,1529,55,0,1474
2026-05-05,IV Fluids,966,40,0,926
2026-05-06,Paracetamol,892,98,0,794
2026-05-06,Amoxicillin,770,128,0,642
2026-05-06,Insulin,551,138,0,413
2026-05-06,Antibiotics,1474,131,0,1343
2026-05-06,IV Fluids,926,85,0,841
2026-05-07,Paracetamol,794,27,0,767
2026-05-07,Amoxicillin,642,36,0,606
2026-05-07,Insulin,413,38,0,375
2026-05-07,Antibiotics,1343,90,0,1253
2026-05-07,IV Fluids,841,128,0,713
2026-05-08,Paracetamol,767,26,0,741
2026-05-08,Amoxicillin,606,73,0,533
2026-05-08,Insulin,375,34,0,341
2026-05-08,Antibiotics,1253,86,0,1167
2026-05-08,IV Fluids,713,33,0,680
2026-05-09,Paracetamol,741,95,0,646
2026-05-09,Amoxicillin,533,43,0,490
2026-05-09,Insulin,341,93,1922,2170
2026-05-09,Antibiotics,1167,108,0,1059
2026-05-09,IV Fluids,680,104,0,576
2026-05-10,Paracetamol,646,100,0,546
2026-05-10,Amoxicillin,490,22,0,468
2026-05-10,Insulin,2170,116,0,2054
2026-05-10,Antibiotics,1059,146,0,913
2026-05-10,IV Fluids,576,113,0,463
2026-05-11,Paracetamol,546,120,0,426
2026-05-11,Amoxicillin,468,140,0,328
2026-05-11,Insulin,2054,101,0,1953
2026-05-11,Antibiotics,913,119,0,794
2026-05-11,IV Fluids,463,37,0,426
2026-05-12,Paracetamol,426,123,0,303
2026-05-12,Amoxicillin,328,86,1953,2195
2026-05-12,Insulin,1953,65,0,1888
2026-05-12,Antibiotics,794,49,0,745
2026-05-12,IV Fluids,426,89,0,337
2026-05-13,Paracetamol,303,108,1721,1916
2026-05-13,Amoxicillin,2195,97,0,2098
2026-05-13,Insulin,1888,107,0,1781
2026-05-13,Antibiotics,745,121,0,624
2026-05-13,IV Fluids,337,73,1295,1559
2026-05-14,Paracetamol,1916,47,0,1869
2026-05-14,Amoxicillin,2098,63,0,2035
2026-05-14,Insulin,1781,32,0,1749
2026-05-14,Antibiotics,624,141,0,483
2026-05-14,IV Fluids,1559,34,0,1525
2026-05-15,Paracetamol,1869,92,0,1777
2026-05-15,Amoxicillin,2035,77,0,1958
2026-05-15,Insulin,1749,140,0,1609
2026-05-15,Antibiotics,483,51,0,432
2026-05-15,IV Fluids,1525,133,0,1392
2026-05-16,Paracetamol,1777,49,0,1728
2026-05-16,Amoxicillin,1958,39,0,1919
2026-05-16,Insulin,1609,118,0,1491
2026-05-16,Antibiotics,432,64,0,368
2026-05-16,IV Fluids,1392,36,0,1356
2026-05-17,Paracetamol,1728,52,0,1676
2026-05-17,Amoxicillin,1919,72,0,1847
2026-05-17,Insulin,1491,98,0,1393
2026-05-17,Antibiotics,368,107,1971,2232
2026-05-17,IV Fluids,1356,105,0,1251
2026-05-18,Paracetamol,1676,129,0,1547
2026-05-18,Amoxicillin,1847,109,0,1738
2026-05-18,Insulin,1393,130,0,1263
2026-05-18,Antibiotics,2232,146,0,2086
2026-05-18,IV Fluids,1251,93,0,1158
2026-05-19,Paracetamol,1547,83,0,1464
2026-05-19,Amoxicillin,1738,147,0,1591
2026-05-19,Insulin,1263,41,0,1222
2026-05-19,Antibiotics,2086,89,0,1997
2026-05-19,IV Fluids,1158,133,0,1025
2026-05-20,Paracetamol,1464,82,0,1382
2026-05-20,Amoxicillin,1591,84,0,1507
2026-05-20,Insulin,1222,20,0,1202
2026-05-20,Antibiotics,1997,111,0,1886
2026-05-20,IV Fluids,1025,20,0,1005
2026-05-21,Paracetamol,1382,132,0,1250
2026-05-21,Amoxicillin,1507,84,0,1423
2026-05-21,Insulin,1202,141,0,1061
2026-05-21,Antibiotics,1886,43,0,1843
2026-05-21,IV Fluids,1005,95,0,910
2026-05-22,Paracetamol,1250,44,0,1206
2026-05-22,Amoxicillin,1423,126,0,1297
2026-05-22,Insulin,1061,131,0,930
2026-05-22,Antibiotics,1843,20,0,1823
2026-05-22,IV Fluids,910,87,0,823
2026-05-23,Paracetamol,1206,100,0,1106
2026-05-23,Amoxicillin,1297,141,0,1156
2026-05-23,Insulin,930,49,0,881
2026-05-23,Antibiotics,1823,72,0,1751
2026-05-23,IV Fluids,823,58,0,765
2026-05-24,Paracetamol,1106,47,0,1059
2026-05-24,Amoxicillin,1156,116,0,1040
2026-05-24,Insulin,881,37,0,844
2026-05-24,Antibiotics,1751,122,0,1629
2026-05-24,IV Fluids,765,59,0,706
2026-05-25,Paracetamol,1059,148,0,911
2026-05-25,Amoxicillin,1040,140,0,900
2026-05-25,Insulin,844,71,0,773
2026-05-25,Antibiotics,1629,63,0,1566
2026-05-25,IV Fluids,706,22,0,684
2026-05-26,Paracetamol,911,22,0,889
2026-05-26,Amoxicillin,900,66,0,834
2026-05-26,Insulin,773,48,0,725
2026-05-26,Antibiotics,1566,69,0,1497
2026-05-26,IV Fluids,684,134,0,550
2026-05-27,Paracetamol,889,58,0,831
2026-05-27,Amoxicillin,834,105,0,729
2026-05-27,Insulin,725,124,0,601
2026-05-27,Antibiotics,1497,66,0,1431
2026-05-27,IV Fluids,550,127,0,423
2026-05-28,Paracetamol,831,120,0,711
2026-05-28,Amoxicillin,729,89,0,640
2026-05-28,Insulin,601,61,0,540
2026-05-28,Antibiotics,1431,114,0,1317
2026-05-28,IV Fluids,423,22,0,401
2026-05-29,Paracetamol,711,123,0,588
2026-05-29,Amoxicillin,640,135,0,505
2026-05-29,Insulin,540,100,0,440
2026-05-29,Antibiotics,1317,145,0,1172
2026-05-29,IV Fluids,401,139,1948,2210
2026-05-30,Paracetamol,588,74,0,514
2026-05-30,Amoxicillin,505,143,0,362
2026-05-30,Insulin,440,58,0,382
2026-05-30,Antibiotics,1172,41,0,1131
2026-05-30,IV Fluids,2210,116,0,2094
2026-05-31,Paracetamol,514,69,0,445
2026-05-31,Amoxicillin,362,53,0,309
2026-05-31,Insulin,382,85,1107,1404
2026-05-31,Antibiotics,1131,148,0,983
2026-05-31,IV Fluids,2094,114,0,1980
2026-06-01,Paracetamol,445,66,0,379
2026-06-01,Amoxicillin,309,110,1115,1314
2026-06-01,Insulin,1404,69,0,1335
2026-06-01,Antibiotics,983,116,0,867
2026-06-01,IV Fluids,1980,51,0,1929
2026-06-02,Paracetamol,379,20,0,359
2026-06-02,Amoxicillin,1314,36,0,1278
2026-06-02,Insulin,1335,21,0,1314
2026-06-02,Antibiotics,867,135,0,732
2026-06-02,IV Fluids,1929,25,0,1904
2026-06-03,Paracetamol,359,128,1993,2224
2026-06-03,Amoxicillin,1278,38,0,1240
2026-06-03,Insulin,1314,60,0,1254
2026-06-03,Antibiotics,732,124,0,608
2026-06-03,IV Fluids,1904,77,0,1827
2026-06-04,Paracetamol,2224,53,0,2171
2026-06-04,Amoxicillin,1240,142,0,1098
2026-06-04,Insulin,1254,39,0,1215
2026-06-04,Antibiotics,608,127,0,481
2026-06-04,IV Fluids,1827,42,0,1785
2026-06-05,Paracetamol,2171,118,0,2053
2026-06-05,Amoxicillin,1098,31,0,1067
2026-06-05,Insulin,1215,67,0,1148
2026-06-05,Antibiotics,481,21,0,460
2026-06-05,IV Fluids,1785,32,0,1753
2026-06-06,Paracetamol,2053,57,0,1996
2026-06-06,Amoxicillin,1067,146,0,921
2026-06-06,Insulin,1148,129,0,1019
2026-06-06,Antibiotics,460,22,0,438
2026-06-06,IV Fluids,1753,52,0,1701
2026-06-07,Paracetamol,1996,70,0,1926
2026-06-07,Amoxicillin,921,51,0,870
2026-06-07,Insulin,1019,106,0,913
2026-06-07,Antibiotics,438,21,0,417
2026-06-07,IV Fluids,1701,83,0,1618
2026-06-08,Paracetamol,1926,122,0,1804
2026-06-08,Amoxicillin,870,80,0,790
2026-06-08,Insulin,913,59,0,854
2026-06-08,Antibiotics,417,105,0,312
2026-06-08,IV Fluids,1618,146,0,1472
2026-06-09,Paracetamol,1804,22,0,1782
2026-06-09,Amoxicillin,790,84,0,706
2026-06-09,Insulin,854,139,0,715
2026-06-09,Antibiotics,312,125,1951,2138
2026-06-09,IV Fluids,1472,51,0,1421
2026-06-10,Paracetamol,1782,56,0,1726
2026-06-10,Amoxicillin,706,21,0,685
2026-06-10,Insulin,715,127,0,588
2026-06-10,Antibiotics,2138,70,0,2068
2026-06-10,IV Fluids,1421,99,0,1322
2026-06-11,Paracetamol,1726,103,0,1623
2026-06-11,Amoxicillin,685,148,0,537
2026-06-11,Insulin,588,50,0,538
2026-06-11,Antibiotics,2068,85,0,1983
2026-06-11,IV Fluids,1322,53,0,1269
2026-06-12,Paracetamol,1623,48,0,1575
2026-06-12,Amoxicillin,537,73,0,464
2026-06-12,Insulin,538,107,0,431
2026-06-12,Antibiotics,1983,136,0,1847
2026-06-12,IV Fluids,1269,52,0,1217
2026-06-13,Paracetamol,1575,113,0,1462
2026-06-13,Amoxicillin,464,21,0,443
2026-06-13,Insulin,431,133,1804,2102
2026-06-13,Antibiotics,1847,85,0,1762
2026-06-13,IV Fluids,1217,69,0,1148
2026-06-14,Paracetamol,1462,138,0,1324
2026-06-14,Amoxicillin,443,138,0,305
2026-06-14,Insulin,2102,132,0,1970
2026-06-14,Antibiotics,1762,70,0,1692
2026-06-14,IV Fluids,1148,89,0,1059
2026-06-15,Paracetamol,1324,53,0,1271
2026-06-15,Amoxicillin,305,23,1839,2121
2026-06-15,Insulin,1970,142,0,1828
2026-06-15,Antibiotics,1692,72,0,1620
2026-06-15,IV Fluids,1059,120,0,939
2026-06-16,Paracetamol,1271,42,0,1229
2026-06-16,Amoxicillin,2121,131,0,1990
2026-06-16,Insulin,1828,88,0,1740
2026-06-16,Antibiotics,1620,22,0,1598
2026-06-16,IV Fluids,939,114,0,825
2026-06-17,Paracetamol,1229,27,0,1202
2026-06-17,Amoxicillin,1990,121,0,1869
2026-06-17,Insulin,1740,122,0,1618
2026-06-17,Antibiotics,1598,56,0,1542
2026-06-17,IV Fluids,825,84,0,741
2026-06-18,Paracetamol,1202,79,0,1123
2026-06-18,Amoxicillin,1869,144,0,1725
2026-06-18,Insulin,1618,104,0,1514
2026-06-18,Antibiotics,1542,91,0,1451
2026-06-18,IV Fluids,741,104,0,637
2026-06-19,Paracetamol,1123,80,0,1043
2026-06-19,Amoxicillin,1725,137,0,1588
2026-06-19,Insulin,1514,90,0,1424
2026-06-19,Antibiotics,1451,125,0,1326
2026-06-19,IV Fluids,637,44,0,593
2026-06-20,Paracetamol,1043,124,0,919
2026-06-20,Amoxicillin,1588,83,0,1505
2026-06-20,Insulin,1424,103,0,1321
2026-06-20,Antibiotics,1326,129,0,1197
2026-06-20,IV Fluids,593,37,0,556
2026-06-21,Paracetamol,919,149,0,770
2026-06-21,Amoxicillin,1505,78,0,1427
2026-06-21,Insulin,1321,22,0,1299
2026-06-21,Antibiotics,1197,71,0,1126
2026-06-21,IV Fluids,556,129,0,427
2026-06-22,Paracetamol,770,146,0,624
2026-06-22,Amoxicillin,1427,125,0,1302
2026-06-22,Insulin,1299,132,0,1167
2026-06-22,Antibiotics,1126,91,0,1035
2026-06-22,IV Fluids,427,47,0,380
2026-06-23,Paracetamol,624,149,0,475
2026-06-23,Amoxicillin,1302,120,0,1182
2026-06-23,Insulin,1167,54,0,1113
2026-06-23,Antibiotics,1035,122,0,913
2026-06-23,IV Fluids,380,36,0,344
2026-06-24,Paracetamol,475,108,0,367
2026-06-24,Amoxicillin,1182,28,0,1154
2026-06-24,Insulin,1113,48,0,1065
2026-06-24,Antibiotics,913,47,0,866
2026-06-24,IV Fluids,344,80,1931,2195
2026-06-25,Paracetamol,367,141,1767,1993
2026-06-25,Amoxicillin,1154,117,0,1037
2026-06-25,Insulin,1065,60,0,1005
2026-06-25,Antibiotics,866,23,0,843
2026-06-25,IV Fluids,2195,81,0,2114
2026-06-26,Paracetamol,1993,96,0,1897
2026-06-26,Amoxicillin,1037,87,0,950
2026-06-26,Insulin,1005,120,0,885
2026-06-26,Antibiotics,843,125,0,718
2026-06-26,IV Fluids,2114,75,0,2039
2026-06-27,Paracetamol,1897,127,0,1770
2026-06-27,Amoxicillin,950,126,0,824
2026-06-27,Insulin,885,136,0,749
2026-06-27,Antibiotics,718,34,0,684
2026-06-27,IV Fluids,2039,101,0,1938
2026-06-28,Paracetamol,1770,125,0,1645
2026-06-28,Amoxicillin,824,51,0,773
2026-06-28,Insulin,749,96,0,653
2026-06-28,Antibiotics,684,71,0,613
2026-06-28,IV Fluids,1938,70,0,1868
2026-06-29,Paracetamol,1645,89,0,1556
2026-06-29,Amoxicillin,773,58,0,715
2026-06-29,Insulin,653,115,0,538
2026-06-29,Antibiotics,613,145,0,468
2026-06-29,IV Fluids,1868,55,0,1813
2026-06-30,Paracetamol,1556,132,0,1424
2026-06-30,Amoxicillin,715,121,0,594
2026-06-30,Insulin,538,66,0,472
2026-06-30,Antibiotics,468,42,0,426
2026-06-30,IV Fluids,1813,24,0,1789
2026-07-01,Paracetamol,1424,124,0,1300
2026-07-01,Amoxicillin,594,116,0,478
2026-07-01,Insulin,472,59,0,413
2026-07-01,Antibiotics,426,71,0,355
2026-07-01,IV Fluids,1789,149,0,1640
2026-07-02,Paracetamol,1300,61,0,1239
2026-07-02,Amoxicillin,478,23,0,455
2026-07-02,Insulin,413,58,0,355
2026-07-02,Antibiotics,355,32,0,323
2026-07-02,IV Fluids,1640,49,0,1591
2026-07-03,Paracetamol,1239,40,0,1199
2026-07-03,Amoxicillin,455,70,0,385
2026-07-03,Insulin,355,85,1910,2180
2026-07-03,Antibiotics,323,142,1067,1248
2026-07-03,IV Fluids,1591,95,0,1496
2026-07-04,Paracetamol,1199,133,0,1066
2026-07-04,Amoxicillin,385,126,1834,2093
2026-07-04,Insulin,2180,84,0,2096
2026-07-04,Antibiotics,1248,104,0,1144
2026-07-04,IV Fluids,1496,146,0,1350
2026-07-05,Paracetamol,1066,26,0,1040
2026-07-05,Amoxicillin,2093,63,0,2030
2026-07-05,Insulin,2096,127,0,1969
2026-07-05,Antibiotics,1144,137,0,1007
2026-07-05,IV Fluids,1350,110,0,1240
2026-07-06,Paracetamol,1040,126,0,914
2026-07-06,Amoxicillin,2030,143,0,1887
2026-07-06,Insulin,1969,26,0,1943
2026-07-06,Antibiotics,1007,88,0,919
2026-07-06,IV Fluids,1240,93,0,1147
2026-07-07,Paracetamol,914,79,0,835
2026-07-07,Amoxicillin,1887,71,0,1816
2026-07-07,Insulin,1943,52,0,1891
2026-07-07,Antibiotics,919,125,0,794
2026-07-07,IV Fluids,1147,61,0,1086
2026-07-08,Paracetamol,835,87,0,748
2026-07-08,Amoxicillin,1816,124,0,1692
2026-07-08,Insulin,1891,48,0,1843
2026-07-08,Antibiotics,794,99,0,695
2026-07-08,IV Fluids,1086,149,0,937
2026-07-09,Paracetamol,748,87,0,661
2026-07-09,Amoxicillin,1692,129,0,1563
2026-07-09,Insulin,1843,81,0,1762
2026-07-09,Antibiotics,695,135,0,560
2026-07-09,IV Fluids,937,79,0,858
2026-07-10,Paracetamol,661,28,0,633
2026-07-10,Amoxicillin,1563,103,0,1460
2026-07-10,Insulin,1762,145,0,1617
2026-07-10,Antibiotics,560,141,0,419
2026-07-10,IV Fluids,858,138,0,720
2026-07-11,Paracetamol,633,144,0,489
2026-07-11,Amoxicillin,1460,85,0,1375
2026-07-11,Insulin,1617,86,0,1531
2026-07-11,Antibiotics,419,109,0,310
2026-07-11,IV Fluids,720,47,0,673
2026-07-12,Paracetamol,489,105,0,384
2026-07-12,Amoxicillin,1375,91,0,1284
2026-07-12,Insulin,1531,103,0,1428
2026-07-12,Antibiotics,310,25,1610,1895
2026-07-12,IV Fluids,673,115,0,558
2026-07-13,Paracetamol,384,107,1993,2270
2026-07-13,Amoxicillin,1284,45,0,1239
2026-07-13,Insulin,1428,107,0,1321
2026-07-13,Antibiotics,1895,133,0,1762
2026-07-13,IV Fluids,558,78,0,480
2026-07-14,Paracetamol,2270,116,0,2154
2026-07-14,Amoxicillin,1239,67,0,1172
2026-07-14,Insulin,1321,45,0,1276
2026-07-14,Antibiotics,1762,122,0,1640
2026-07-14,IV Fluids,480,69,0,411
2026-07-15,Paracetamol,2154,73,0,2081
2026-07-15,Amoxicillin,1172,128,0,1044
2026-07-15,Insulin,1276,54,0,1222
2026-07-15,Antibiotics,1640,140,0,1500
2026-07-15,IV Fluids,411,88,0,323
2026-07-16,Paracetamol,2081,98,0,1983
2026-07-16,Amoxicillin,1044,74,0,970
2026-07-16,Insulin,1222,145,0,1077
2026-07-16,Antibiotics,1500,49,0,1451
2026-07-16,IV Fluids,323,28,1686,1981
2026-07-17,Paracetamol,1983,134,0,1849
2026-07-17,Amoxicillin,970,62,0,908
2026-07-17,Insulin,1077,85,0,992
2026-07-17,Antibiotics,1451,60,0,1391
2026-07-17,IV Fluids,1981,82,0,1899
2026-07-18,Paracetamol,1849,86,0,1763
2026-07-18,Amoxicillin,908,70,0,838
2026-07-18,Insulin,992,62,0,930
2026-07-18,Antibiotics,1391,144,0,1247
2026-07-18,IV Fluids,1899,148,0,1751
2026-07-19,Paracetamol,1763,21,0,1742
2026-07-19,Amoxicillin,838,89,0,749
2026-07-19,Insulin,930,118,0,812
2026-07-19,Antibiotics,1247,97,0,1150
2026-07-19,IV Fluids,1751,133,0,1618
2026-07-20,Paracetamol,1742,96,0,1646
2026-07-20,Amoxicillin,749,123,0,626
2026-07-20,Insulin,812,27,0,785
2026-07-20,Antibiotics,1150,72,0,1078
2026-07-20,IV Fluids,1618,65,0,1553
2026-07-21,Paracetamol,1646,30,0,1616
2026-07-21,Amoxicillin,626,109,0,517
2026-07-21,Insulin,785,144,0,641
2026-07-21,Antibiotics,1078,56,0,1022
2026-07-21,IV Fluids,1553,71,0,1482
2026-07-22,Paracetamol,1616,20,0,1596
2026-07-22,Amoxicillin,517,101,0,416
2026-07-22,Insulin,641,48,0,593
2026-07-22,Antibiotics,1022,124,0,898
2026-07-22,IV Fluids,1482,126,0,1356
2026-07-23,Paracetamol,1596,53,0,1543
2026-07-23,Amoxicillin,416,62,0,354
2026-07-23,Insulin,593,31,0,562
2026-07-23,Antibiotics,898,30,0,868
2026-07-23,IV Fluids,1356,42,0,1314
2026-07-24,Paracetamol,1543,51,0,1492
2026-07-24,Amoxicillin,354,114,1458,1698
2026-07-24,Insulin,562,101,0,461
2026-07-24,Antibiotics,868,139,0,729
2026-07-24,IV Fluids,1314,36,0,1278
2026-07-25,Paracetamol,1492,77,0,1415
2026-07-25,Amoxicillin,1698,38,0,1660
2026-07-25,Insulin,461,134,0,327
2026-07-25,Antibiotics,729,65,0,664
2026-07-25,IV Fluids,1278,116,0,1162
2026-07-26,Paracetamol,1415,58,0,1357
2026-07-26,Amoxicillin,1660,77,0,1583
2026-07-26,Insulin,327,111,1061,1277
2026-07-26,Antibiotics,664,77,0,587
2026-07-26,IV Fluids,1162,110,0,1052
2026-07-27,Paracetamol,1357,67,0,1290
2026-07-27,Amoxicillin,1583,127,0,1456
2026-07-27,Insulin,1277,92,0,1185
2026-07-27,Antibiotics,587,82,0,505
2026-07-27,IV Fluids,1052,46,0,1006
2026-07-28,Paracetamol,1290,121,0,1169
2026-07-28,Amoxicillin,1456,64,0,1392
2026-07-28,Insulin,1185,100,0,1085
2026-07-28,Antibiotics,505,96,0,409
2026-07-28,IV Fluids,1006,33,0,973
2026-07-29,Paracetamol,1169,72,0,1097
2026-07-29,Amoxicillin,1392,66,0,1326
2026-07-29,Insulin,1085,30,0,1055
2026-07-29,Antibiotics,409,60,0,349
2026-07-29,IV Fluids,973,82,0,891
2026-07-30,Paracetamol,1097,119,0,978
2026-07-30,Amoxicillin,1326,120,0,1206
2026-07-30,Insulin,1055,23,0,1032
2026-07-30,Antibiotics,349,138,1299,1510
2026-07-30,IV Fluids,891,128,0,763
2026-07-31,Paracetamol,978,132,0,846
2026-07-31,Amoxicillin,1206,128,0,1078
2026-07-31,Insulin,1032,51,0,981
2026-07-31,Antibiotics,1510,102,0,1408
2026-07-31,IV Fluids,763,141,0,622
2026-08-01,Paracetamol,846,55,0,791
2026-08-01,Amoxicillin,1078,115,0,963
2026-08-01,Insulin,981,111,0,870
2026-08-01,Antibiotics,1408,29,0,1379
2026-08-01,IV Fluids,622,21,0,601
2026-08-02,Paracetamol,791,86,0,705
2026-08-02,Amoxicillin,963,122,0,841
2026-08-02,Insulin,870,79,0,791
2026-08-02,Antibiotics,1379,26,0,1353
2026-08-02,IV Fluids,601,108,0,493
2026-08-03,Paracetamol,705,110,0,595
2026-08-03,Amoxicillin,841,109,0,732
2026-08-03,Insulin,791,61,0,730
2026-08-03,Antibiotics,1353,119,0,1234
2026-08-03,IV Fluids,493,66,0,427
2026-08-04,Paracetamol,595,129,0,466
2026-08-04,Amoxicillin,732,41,0,691
2026-08-04,Insulin,730,36,0,694
2026-08-04,Antibiotics,1234,31,0,1203
2026-08-04,IV Fluids,427,138,1139,1428
2026-08-05,Paracetamol,466,48,0,418
2026-08-05,Amoxicillin,691,95,0,596
2026-08-05,Insulin,694,112,0,582
2026-08-05,Antibiotics,1203,114,0,1089
2026-08-05,IV Fluids,1428,126,0,1302
2026-08-06,Paracetamol,418,146,1568,1840
2026-08-06,Amoxicillin,596,117,0,479
2026-08-06,Insulin,582,54,0,528
2026-08-06,Antibiotics,1089,73,0,1016
2026-08-06,IV Fluids,1302,75,0,1227
2026-08-07,Paracetamol,1840,120,0,1720
2026-08-07,Amoxicillin,479,120,0,359
2026-08-07,Insulin,528,76,0,452
2026-08-07,Antibiotics,1016,120,0,896
2026-08-07,IV Fluids,1227,34,0,1193
2026-08-08,Paracetamol,1720,120,0,1600
2026-08-08,Amoxicillin,359,45,0,314
2026-08-08,Insulin,452,139,0,313
2026-08-08,Antibiotics,896,139,0,757
2026-08-08,IV Fluids,1193,44,0,1149
2026-08-09,Paracetamol,1600,108,0,1492
2026-08-09,Amoxicillin,314,100,1638,1852
2026-08-09,Insulin,313,102,1814,2025
2026-08-09,Antibiotics,757,44,0,713
2026-08-09,IV Fluids,1149,139,0,1010
2026-08-10,Paracetamol,1492,74,0,1418
2026-08-10,Amoxicillin,1852,144,0,1708
2026-08-10,Insulin,2025,141,0,1884
2026-08-10,Antibiotics,713,89,0,624
2026-08-10,IV Fluids,1010,137,0,873
2026-08-11,Paracetamol,1418,145,0,1273
2026-08-11,Amoxicillin,1708,50,0,1658
2026-08-11,Insulin,1884,66,0,1818
2026-08-11,Antibiotics,624,28,0,596
2026-08-11,IV Fluids,873,75,0,798
2026-08-12,Paracetamol,1273,37,0,1236
2026-08-12,Amoxicillin,1658,126,0,1532
2026-08-12,Insulin,1818,74,0,1744
2026-08-12,Antibiotics,596,122,0,474
2026-08-12,IV Fluids,798,70,0,728
2026-08-13,Paracetamol,1236,138,0,1098
2026-08-13,Amoxicillin,1532,146,0,1386
2026-08-13,Insulin,1744,65,0,1679
2026-08-13,Antibiotics,474,110,0,364
2026-08-13,IV Fluids,728,119,0,609
2026-08-14,Paracetamol,1098,68,0,1030
2026-08-14,Amoxicillin,1386,23,0,1363
2026-08-14,Insulin,1679,139,0,1540
2026-08-14,Antibiotics,364,92,1187,1459
2026-08-14,IV Fluids,609,73,0,536
2026-08-15,Paracetamol,1030,96,0,934
2026-08-15,Amoxicillin,1363,140,0,1223
2026-08-15,Insulin,1540,52,0,1488
2026-08-15,Antibiotics,1459,117,0,1342
2026-08-15,IV Fluids,536,67,0,469
2026-08-16,Paracetamol,934,61,0,873
2026-08-16,Amoxicillin,1223,53,0,1170
2026-08-16,Insulin,1488,75,0,1413
2026-08-16,Antibiotics,1342,145,0,1197
2026-08-16,IV Fluids,469,123,0,346
2026-08-17,Paracetamol,873,21,0,852
2026-08-17,Amoxicillin,1170,48,0,1122
2026-08-17,Insulin,1413,103,0,1310
2026-08-17,Antibiotics,1197,148,0,1049
2026-08-17,IV Fluids,346,91,1044,1299
2026-08-18,Paracetamol,852,137,0,715
2026-08-18,Amoxicillin,1122,97,0,1025
2026-08-18,Insulin,1310,148,0,1162
2026-08-18,Antibiotics,1049,45,0,1004
2026-08-18,IV Fluids,1299,132,0,1167
2026-08-19,Paracetamol,715,132,0,583
2026-08-19,Amoxicillin,1025,63,0,962
2026-08-19,Insulin,1162,113,0,1049
2026-08-19,Antibiotics,1004,104,0,900
2026-08-19,IV Fluids,1167,112,0,1055
2026-08-20,Paracetamol,583,112,0,471
2026-08-20,Amoxicillin,962,60,0,902
2026-08-20,Insulin,1049,66,0,983
2026-08-20,Antibiotics,900,46,0,854
2026-08-20,IV Fluids,1055,33,0,1022
2026-08-21,Paracetamol,471,105,0,366
2026-08-21,Amoxicillin,902,118,0,784
2026-08-21,Insulin,983,35,0,948
2026-08-21,Antibiotics,854,54,0,800
2026-08-21,IV Fluids,1022,70,0,952
2026-08-22,Paracetamol,366,119,1243,1490
2026-08-22,Amoxicillin,784,29,0,755
2026-08-22,Insulin,948,127,0,821
2026-08-22,Antibiotics,800,110,0,690
2026-08-22,IV Fluids,952,74,0,878
2026-08-23,Paracetamol,1490,101,0,1389
2026-08-23,Amoxicillin,755,61,0,694
2026-08-23,Insulin,821,63,0,758
2026-08-23,Antibiotics,690,109,0,581
2026-08-23,IV Fluids,878,125,0,753
