date,department,revenue,expenses,net_revenue
2025-08-23,Cardiology,77672,54351,23321
2025-08-23,Neurology,48775,32927,15848
2025-08-23,Orthopedics,80942,53147,27795
2025-08-23,General,26177,16699,9478
2025-08-23,Emergency,149012,106899,42113
2025-08-24,Cardiology,67175,40312,26863
2025-08-24,Neurology,39987,27100,12887
2025-08-24,Orthopedics,37583,29888,7695
2025-08-24,General,48820,29928,18892
2025-08-24,Emergency,187823,133928,53895
2025-08-25,Cardiology,54301,32650,21651
2025-08-25,Neurology,144737,114195,30542
2025-08-25,Orthopedics,135137,92960,42177
2025-08-25,General,147607,99369,48238
2025-08-25,Emergency,118423,77544,40879
2025-08-26,Cardiology,82197,52074,30123
2025-08-26,Neurology,130369,98311,32058
2025-08-26,Orthopedics,71624,54839,16785
2025-08-26,General,121863,84601,37262
2025-08-26,Emergency,157290,99689,57601
2025-08-27,Cardiology,100281,75221,25060
2025-08-27,Neurology,133436,99223,34213
2025-08-27,Orthopedics,88481,67862,20619
2025-08-27,General,118450,84857,33593
2025-08-27,Emergency,163476,127378,36098
2025-08-28,Cardiology,130814,99793,31021
2025-08-28,Neurology,71591,44367,27224
2025-08-28,Orthopedics,71363,46450,24913
2025-08-28,General,125897,82060,43837
2025-08-28,Emergency,123242,83449,39793
2025-08-29,Cardiology,129805,95417,34388
2025-08-29,Neurology,116819,81755,35064
2025-08-29,Orthopedics,155410,118057,37353
2025-08-29,General,62794,38530,24264
2025-08-29,Emergency,178854,139596,39258
2025-08-30,Cardiology,74209,58951,15258
2025-08-30,Neurology,32505,23272,9233
2025-08-30,Orthopedics,32927,22655,10272
2025-08-30,General,67278,52249,15029
2025-08-30,Emergency,122667,78939,43728
2025-08-31,Cardiology,77635,53141,24494
2025-08-31,Neurology,66655,44012,22643
2025-08-31,Orthopedics,47068,34406,12662
2025-08-31,General,74624,44809,29815
2025-08-31,Emergency,75670,53193,22477
2025-09-01,Cardiology,105816,81026,24790
2025-09-01,Neurology,44541,35599,8942
2025-09-01,Orthopedics,133831,101165,32666
2025-09-01,General,100846,71616,29230
2025-09-01,Emergency,139434,94741,44693
2025-09-02,Cardiology,149470,104144,45326
2025-09-02,Neurology,115753,71739,44014
2025-09-02,Orthopedics,128786,79768,49018
2025-09-02,General,127402,96127,31275
2025-09-02,Emergency,88412,66866,21546
2025-09-03,Cardiology,91616,59889,31727
2025-09-03,Neurology,43782,27291,16491
2025-09-03,Orthopedics,70016,43406,26610
2025-09-03,General,131129,80278,50851
2025-09-03,Emergency,109763,71969,37794
2025-09-04,Cardiology,143200,113556,29644
2025-09-04,Neurology,72029,49320,22709
2025-09-04,Orthopedics,66816,53407,13409
2025-09-04,General,59945,36344,23601
2025-09-04,Emergency,165085,120280,44805
2025-09-05,Cardiology,93951,65068,28883
2025-09-05,Neurology,147781,98763,49018
2025-09-05,Orthopedics,67905,50843,17062
2025-09-05,General,67422,50840,16582
2025-09-05,Emergency,140114,101900,38214
2025-09-06,Cardiology,52698,38786,13912
2025-09-06,Neurology,48149,31976,16173
2025-09-06,Orthopedics,76479,46705,29774
2025-09-06,General,84267,59319,24948
2025-09-06,Emergency,144596,103871,40725
2025-09-07,Cardiology,57871,43096,14775
2025-09-07,Neurology,66250,50159,16091
2025-09-07,Orthopedics,58558,44368,14190
2025-09-07,General,67732,49524,18208
2025-09-07,Emergency,103003,77941,25062
2025-09-08,Cardiology,104708,66380,38328
2025-09-08,Neurology,145720,105073,40647
2025-09-08,Orthopedics,83750,57979,25771
2025-09-08,General,59986,38708,21278
2025-09-08,Emergency,139595,98775,40820
2025-09-09,Cardiology,82950,64911,18039
2025-09-09,Neurology,68273,47851,20422
2025-09-09,Orthopedics,67865,51552,16313
2025-09-09,General,140845,108658,32187
2025-09-09,Emergency,163159,114854,48305
2025-09-10,Cardiology,62342,44720,17622
2025-09-10,Neurology,64289,46249,18040
2025-09-10,Orthopedics,106942,75625,31317
2025-09-10,General,86617,52821,33796
2025-09-10,Emergency,94693,74667,20026
2025-09-11,Cardiology,97418,76167,21251
2025-09-11,Neurology,98662,69649,29013
2025-09-11,Orthopedics,105983,75812,30171
2025-09-11,General,118300,72427,45873
2025-09-11,Emergency,118603,94211,24392
2025-09-12,Cardiology,77640,58415,19225
2025-09-12,Neurology,90523,65791,24732
2025-09-12,Orthopedics,131067,96069,34998
2025-09-12,General,104147,69116,35031
2025-09-12,Emergency,138377,93443,44934
2025-09-13,Cardiology,50912,31838,19074
2025-09-13,Neurology,63227,42403,20824
2025-09-13,Orthopedics,73377,49925,23452
2025-09-13,General,62693,42258,20435
2025-09-13,Emergency,98250,76052,22198
2025-09-14,Cardiology,51620,36292,15328
2025-09-14,Neurology,74218,50638,23580
2025-09-14,Orthopedics,56096,42776,13320
2025-09-14,General,70538,45076,25462
2025-09-14,Emergency,135803,91171,44632
2025-09-15,Cardiology,52557,40889,11668
2025-09-15,Neurology,120189,80941,39248
2025-09-15,Orthopedics,130525,79122,51403
2025-09-15,General,124186,94662,29524
2025-09-15,Emergency,117665,80918,36747
2025-09-16,Cardiology,122749,85420,37329
2025-09-16,Neurology,103418,77619,25799
2025-09-16,Orthopedics,156163,117244,38919
2025-09-16,General,118851,84477,34374
2025-09-16,Emergency,110451,86907,23544
2025-09-17,Cardiology,107869,85432,22437
2025-09-17,Neurology,124463,75554,48909
2025-09-17,Orthopedics,76340,58024,18316
2025-09-17,General,92150,67528,24622
2025-09-17,Emergency,180813,120861,59952
2025-09-18,Cardiology,70072,46891,23181
2025-09-18,Neurology,137396,90503,46893
2025-09-18,Orthopedics,79201,62150,17051
2025-09-18,General,120736,78865,41871
2025-09-18,Emergency,76034,51121,24913
2025-09-19,Cardiology,120831,83828,37003
2025-09-19,Neurology,94352,73128,21224
2025-09-19,Orthopedics,101785,72636,29149
2025-09-19,General,106886,77490,29396
2025-09-19,Emergency,160239,101209,59030
2025-09-20,Cardiology,73714,53640,20074
2025-09-20,Neurology,41860,30011,11849
2025-09-20,Orthopedics,53120,37816,15304
2025-09-20,General,72835,44578,28257
2025-09-20,Emergency,138156,94606,43550
2025-09-21,Cardiology,59098,42748,16350
2025-09-21,Neurology,65500,48569,16931
2025-09-21,Orthopedics,45633,30593,15040
2025-09-21,General,46203,32025,14178
2025-09-21,Emergency,104336,80157,24179
2025-09-22,Cardiology,80934,56533,24401
2025-09-22,Neurology,132415,79875,52540
2025-09-22,Orthopedics,127083,82350,44733
2025-09-22,General,130609,81123,49486
2025-09-22,Emergency,100364,79241,21123
2025-09-23,Cardiology,56304,39308,16996
2025-09-23,Neurology,79156,56496,22660
2025-09-23,Orthopedics,66827,49729,17098
2025-09-23,General,77181,50463,26718
2025-09-23,Emergency,101928,67579,34349
2025-09-24,Cardiology,101334,62559,38775
2025-09-24,Neurology,102034,73636,28398
2025-09-24,Orthopedics,123323,97016,26307
2025-09-24,General,133647,100893,32754
2025-09-24,Emergency,176393,119183,57210
2025-09-25,Cardiology,122922,97816,25106
2025-09-25,Neurology,67780,52738,15042
2025-09-25,Orthopedics,122540,97307,25233
2025-09-25,General,117840,79175,38665
2025-09-25,Emergency,156764,119327,37437
2025-09-26,Cardiology,150885,90647,60238
2025-09-26,Neurology,50765,40201,10564
2025-09-26,Orthopedics,57867,36244,21623
2025-09-26,General,78770,47544,31226
2025-09-26,Emergency,192676,130316,62360
2025-09-27,Cardiology,27598,18189,9409
2025-09-27,Neurology,77181,51134,26047
2025-09-27,Orthopedics,53693,35692,18001
2025-09-27,General,70501,55965,14536
2025-09-27,Emergency,143497,108476,35021
2025-09-28,Cardiology,55129,38118,17011
2025-09-28,Neurology,57130,43024,14106
2025-09-28,Orthopedics,54806,33814,20992
2025-09-28,General,79314,55867,23447
2025-09-28,Emergency,126158,99762,26396
2025-09-29,Cardiology,148192,107964,40228
2025-09-29,Neurology,124369,91790,32579
2025-09-29,Orthopedics,59269,41042,18227
2025-09-29,General,42124,28230,13894
2025-09-29,Emergency,131069,82932,48137
2025-09-30,Cardiology,92439,64851,27588
2025-09-30,Neurology,149320,117171,32149
2025-09-30,Orthopedics,59212,41277,17935
2025-09-30,General,122373,73581,48792
2025-09-30,Emergency,85508,66713,18795
2025-10-01,Cardiology,125482,99591,25891
2025-10-01,Neurology,80177,59318,20859
2025-10-01,Orthopedics,79222,58595,20627
2025-10-01,General,83965,58078,25887
2025-10-01,Emergency,98969,70871,28098
2025-10-02,Cardiology,119945,72393,47552
2025-10-02,Neurology,139914,94294,45620
2025-10-02,Orthopedics,91989,61636,30353
2025-10-02,General,119853,73220,46633
2025-10-02,Emergency,113545,78678,34867
2025-10-03,Cardiology,80377,55001,25376
2025-10-03,Neurology,114339,76680,37659
2025-10-03,Orthopedics,142120,104210,37910
2025-10-03,General,125052,92323,32729
2025-10-03,Emergency,138184,108250,29934
2025-10-04,Cardiology,38197,25316,12881
2025-10-04,Neurology,56355,41369,14986
2025-10-04,Orthopedics,47177,37201,9976
2025-10-04,General,52639,35084,17555
2025-10-04,Emergency,132365,103188,29177
2025-10-05,Cardiology,51823,38106,13717
2025-10-05,Neurology,81877,54700,27177
2025-10-05,Orthopedics,73406,57415,15991
2025-10-05,General,37622,27592,10030
2025-10-05,Emergency,94441,69267,25174
2025-10-06,Cardiology,124931,99697,25234
2025-10-06,Neurology,143243,102862,40381
2025-10-06,Orthopedics,134271,91284,42987
2025-10-06,General,70516,50271,20245
2025-10-06,Emergency,182574,144641,37933
2025-10-07,Cardiology,62601,44906,17695
2025-10-07,Neurology,68623,46969,21654
2025-10-07,Orthopedics,138208,84933,53275
2025-10-07,General,99199,61154,38045
2025-10-07,Emergency,135724,99745,35979
2025-10-08,Cardiology,65266,49216,16050
2025-10-08,Neurology,49849,35227,14622
2025-10-08,Orthopedics,66899,50781,16118
2025-10-08,General,117624,86677,30947
2025-10-08,Emergency,128363,91466,36897
2025-10-09,Cardiology,110473,84471,26002
2025-10-09,Neurology,95685,68461,27224
2025-10-09,Orthopedics,61913,45602,16311
2025-10-09,General,113301,89576,23725
2025-10-09,Emergency,124221,75910,48311
2025-10-10,Cardiology,132499,86507,45992
2025-10-10,Neurology,87044,60999,26045
2025-10-10,Orthopedics,143745,104029,39716
2025-10-10,General,65033,39649,25384
2025-10-10,Emergency,181576,115812,65764
2025-10-11,Cardiology,37396,28532,8864
2025-10-11,Neurology,61842,45607,16235
2025-10-11,Orthopedics,89604,62499,27105
2025-10-11,General,91503,64318,27185
2025-10-11,Emergency,117710,77921,39789
2025-10-12,Cardiology,37282,26631,10651
2025-10-12,Neurology,47727,37762,9965
2025-10-12,Orthopedics,70090,42729,27361
2025-10-12,General,49100,38345,10755
2025-10-12,Emergency,123786,95921,27865
2025-10-13,Cardiology,77153,59221,17932
2025-10-13,Neurology,69109,43170,25939
2025-10-13,Orthopedics,134051,98210,35841
2025-10-13,General,119176,80695,38481
2025-10-13,Emergency,98320,62150,36170
2025-10-14,Cardiology,107325,84418,22907
2025-10-14,Neurology,121348,82222,39126
2025-10-14,Orthopedics,92695,57287,35408
2025-10-14,General,49968,38565,11403
2025-10-14,Emergency,77839,60495,17344
2025-10-15,Cardiology,114255,80631,33624
2025-10-15,Neurology,88188,62314,25874
2025-10-15,Orthopedics,125493,86661,38832
2025-10-15,General,146891,114021,32870
2025-10-15,Emergency,194502,141792,52710
2025-10-16,Cardiology,97862,62124,35738
2025-10-16,Neurology,116543,70953,45590
2025-10-16,Orthopedics,59284,42847,16437
2025-10-16,General,66121,48346,17775
2025-10-16,Emergency,122413,84779,37634
2025-10-17,Cardiology,84717,58733,25984
2025-10-17,Neurology,110171,66929,43242
2025-10-17,Orthopedics,50031,36497,13534
2025-10-17,General,63691,49515,14176
2025-10-17,Emergency,175431,124484,50947
2025-10-18,Cardiology,93598,71052,22546
2025-10-18,Neurology,56987,35988,20999
2025-10-18,Orthopedics,45811,36103,9708
2025-10-18,General,56006,39769,16237
2025-10-18,Emergency,154328,94146,60182
2025-10-19,Cardiology,97921,73525,24396
2025-10-19,Neurology,65884,39626,26258
2025-10-19,Orthopedics,93406,71084,22322
2025-10-19,General,51138,39008,12130
2025-10-19,Emergency,105331,68018,37313
2025-10-20,Cardiology,50075,32504,17571
2025-10-20,Neurology,133045,88314,44731
2025-10-20,Orthopedics,93830,67200,26630
2025-10-20,General,78696,62634,16062
2025-10-20,Emergency,86024,52066,33958
2025-10-21,Cardiology,135254,81706,53548
2025-10-21,Neurology,147833,118049,29784
2025-10-21,Orthopedics,150214,114268,35946
2025-10-21,General,103580,77090,26490
2025-10-21,Emergency,87850,54895,32955
2025-10-22,Cardiology,116341,82707,33634
2025-10-22,Neurology,68278,54547,13731
2025-10-22,Orthopedics,99973,68727,31246
2025-10-22,General,111699,79214,32485
2025-10-22,Emergency,119885,79537,40348
2025-10-23,Cardiology,151479,97361,54118
2025-10-23,Neurology,89826,55647,34179
2025-10-23,Orthopedics,61937,41833,20104
2025-10-23,General,85510,65608,19902
2025-10-23,Emergency,162295,100642,61653
2025-10-24,Cardiology,150390,112494,37896
2025-10-24,Neurology,63108,45944,17164
2025-10-24,Orthopedics,111713,83291,28422
2025-10-24,General,89223,71016,18207
2025-10-24,Emergency,110246,74449,35797
2025-10-25,Cardiology,74700,46343,28357
2025-10-25,Neurology,63671,47262,16409
2025-10-25,Orthopedics,64945,43790,21155
2025-10-25,General,80150,57913,22237
2025-10-25,Emergency,91489,69086,22403
2025-10-26,Cardiology,67291,46342,20949
2025-10-26,Neurology,62999,49752,13247
2025-10-26,Orthopedics,60737,43714,17023
2025-10-26,General,47342,29115,18227
2025-10-26,Emergency,152352,110737,41615
2025-10-27,Cardiology,82863,50127,32736
2025-10-27,Neurology,57927,35042,22885
2025-10-27,Orthopedics,67745,43148,24597
2025-10-27,General,81486,59257,22229
2025-10-27,Emergency,173067,105763,67304
2025-10-28,Cardiology,61212,39230,21982
2025-10-28,Neurology,117291,81999,35292
2025-10-28,Orthopedics,146418,104204,42214
2025-10-28,General,147841,111779,36062
2025-10-28,Emergency,143037,104296,38741
2025-10-29,Cardiology,68910,50160,18750
2025-10-29,Neurology,66560,40642,25918
2025-10-29,Orthopedics,149242,97911,51331
2025-10-29,General,53374,41943,11431
2025-10-29,Emergency,161669,102494,59175
2025-10-30,Cardiology,71924,46793,25131
2025-10-30,Neurology,69407,48823,20584
2025-10-30,Orthopedics,63898,44932,18966
2025-10-30,General,83300,58611,24689
2025-10-30,Emergency,119132,95169,23963
2025-10-31,Cardiology,60254,36688,23566
2025-10-31,Neurology,60384,47844,12540
2025-10-31,Orthopedics,118525,83586,34939
2025-10-31,General,75179,57886,17293
2025-10-31,Emergency,182777,115905,66872
2025-11-01,Cardiology,48741,38307,10434
2025-11-01,Neurology,31541,22835,8706
2025-11-01,Orthopedics,50838,35695,15143
2025-11-01,General,48612,33840,14772
2025-11-01,Emergency,163861,128107,35754
2025-11-02,Cardiology,68471,54697,13774
2025-11-02,Neurology,71470,52468,19002
2025-11-02,Orthopedics,56754,39504,17250
2025-11-02,General,42296,33612,8684
2025-11-02,Emergency,129364,93523,35841
2025-11-03,Cardiology,76116,50827,25289
2025-11-03,Neurology,118728,86256,32472
2025-11-03,Orthopedics,138993,91082,47911
2025-11-03,General,104461,68812,35649
2025-11-03,Emergency,186899,114654,72245
2025-11-04,Cardiology,74742,55330,19412
2025-11-04,Neurology,108227,73873,34354
2025-11-04,Orthopedics,139824,87354,52470
2025-11-04,General,57539,37931,19608
2025-11-04,Emergency,142127,97433,44694
2025-11-05,Cardiology,80553,51445,29108
2025-11-05,Neurology,150504,114138,36366
2025-11-05,Orthopedics,114915,88065,26850
2025-11-05,General,99624,59932,39692
2025-11-05,Emergency,152756,100567,52189
2025-11-06,Cardiology,117743,87742,30001
2025-11-06,Neurology,138382,98235,40147
2025-11-06,Orthopedics,97203,65036,32167
2025-11-06,General,113953,79429,34524
2025-11-06,Emergency,81260,61658,19602
2025-11-07,Cardiology,63385,44427,18958
2025-11-07,Neurology,59260,42317,16943
2025-11-07,Orthopedics,104576,63239,41337
2025-11-07,General,78602,62097,16505
2025-11-07,Emergency,131861,100959,30902
2025-11-08,Cardiology,50187,31671,18516
2025-11-08,Neurology,75491,47527,27964
2025-11-08,Orthopedics,35866,27360,8506
2025-11-08,General,81441,60952,20489
2025-11-08,Emergency,164614,111777,52837
2025-11-09,Cardiology,39112,30744,8368
2025-11-09,Neurology,73328,47252,26076
2025-11-09,Orthopedics,55779,41787,13992
2025-11-09,General,36280,27036,9244
2025-11-09,Emergency,108051,69755,38296
2025-11-10,Cardiology,125426,88989,36437
2025-11-10,Neurology,92819,68446,24373
2025-11-10,Orthopedics,128616,100985,27631
2025-11-10,General,142637,101967,40670
2025-11-10,Emergency,177413,121522,55891
2025-11-11,Cardiology,62186,42167,20019
2025-11-11,Neurology,146726,94637,52089
2025-11-11,Orthopedics,58266,43332,14934
2025-11-11,General,56574,39684,16890
2025-11-11,Emergency,131126,98543,32583
2025-11-12,Cardiology,103204,69536,33668
2025-11-12,Neurology,141804,92391,49413
2025-11-12,Orthopedics,72404,44641,27763
2025-11-12,General,65592,49107,16485
2025-11-12,Emergency,154287,118361,35926
2025-11-13,Cardiology,149596,109728,39868
2025-11-13,Neurology,132845,105931,26914
2025-11-13,Orthopedics,94500,72954,21546
2025-11-13,General,80987,64759,16228
2025-11-13,Emergency,156338,107485,48853
2025-11-14,Cardiology,134192,89582,44610
2025-11-14,Neurology,93604,58513,35091
2025-11-14,Orthopedics,128541,84782,43759
2025-11-14,General,111807,67346,44461
2025-11-14,Emergency,182931,124763,58168
2025-11-15,Cardiology,70413,45487,24926
2025-11-15,Neurology,51241,36090,15151
2025-11-15,Orthopedics,46803,34140,12663
2025-11-15,General,95689,59619,36070
2025-11-15,Emergency,158137,114681,43456
2025-11-16,Cardiology,86576,58944,27632
2025-11-16,Neurology,71113,44938,26175
2025-11-16,Orthopedics,91734,63625,28109
2025-11-16,General,53515,37185,16330
2025-11-16,Emergency,97803,58820,38983
2025-11-17,Cardiology,122558,74646,47912
2025-11-17,Neurology,105002,75007,29995
2025-11-17,Orthopedics,81208,52769,28439
2025-11-17,General,102146,67601,34545
2025-11-17,Emergency,94816,57895,36921
2025-11-18,Cardiology,67623,42786,24837
2025-11-18,Neurology,112771,85070,27701
2025-11-18,Orthopedics,134092,84677,49415
2025-11-18,General,53527,36810,16717
2025-11-18,Emergency,144302,105224,39078
2025-11-19,Cardiology,114603,85665,28938
2025-11-19,Neurology,131316,84948,46368
2025-11-19,Orthopedics,89422,58400,31022
2025-11-19,General,103536,66135,37401
2025-11-19,Emergency,118450,74384,44066
2025-11-20,Cardiology,116015,88017,27998
2025-11-20,Neurology,149461,107750,41711
2025-11-20,Orthopedics,74114,54205,19909
2025-11-20,General,95015,63776,31239
2025-11-20,Emergency,169564,112367,57197
2025-11-21,Cardiology,129394,96584,32810
2025-11-21,Neurology,91139,55148,35991
2025-11-21,Orthopedics,111573,71928,39645
2025-11-21,General,93434,71676,21758
2025-11-21,Emergency,114402,73474,40928
2025-11-22,Cardiology,96245,68278,27967
2025-11-22,Neurology,33817,22749,11068
2025-11-22,Orthopedics,55483,33744,21739
2025-11-22,General,40609,31920,8689
2025-11-22,Emergency,159552,103986,55566
2025-11-23,Cardiology,52843,31755,21088
2025-11-23,Neurology,74946,57742,17204
2025-11-23,Orthopedics,61653,37316,24337
2025-11-23,General,27848,17329,10519
2025-11-23,Emergency,107491,72448,35043
2025-11-24,Cardiology,143897,102737,41160
2025-11-24,Neurology,135858,92766,43092
2025-11-24,Orthopedics,90624,63288,27336
2025-11-24,General,95496,63040,32456
2025-11-24,Emergency,94166,66438,27728
2025-11-25,Cardiology,106856,68353,38503
2025-11-25,Neurology,94142,62473,31669
2025-11-25,Orthopedics,108962,71494,37468
2025-11-25,General,126808,99879,26929
2025-11-25,Emergency,93089,70266,22823
2025-11-26,Cardiology,82997,54426,28571
2025-11-26,Neurology,68718,42347,26371
2025-11-26,Orthopedics,96027,61235,34792
2025-11-26,General,107477,70079,37398
2025-11-26,Emergency,110358,69684,40674
2025-11-27,Cardiology,52136,33427,18709
2025-11-27,Neurology,114403,86536,27867
2025-11-27,Orthopedics,125336,99379,25957
2025-11-27,General,89656,54297,35359
2025-11-27,Emergency,180918,112053,68865
2025-11-28,Cardiology,69244,48651,20593
2025-11-28,Neurology,62672,45588,17084
2025-11-28,Orthopedics,81765,49512,32253
2025-11-28,General,113721,78523,35198
2025-11-28,Emergency,164001,110692,53309
2025-11-29,Cardiology,50746,36389,14357
2025-11-29,Neurology,54001,43192,10809
2025-11-29,Orthopedics,73685,48074,25611
2025-11-29,General,65976,49894,16082
2025-11-29,Emergency,180124,120001,60123
2025-11-30,Cardiology,39280,30400,8880
2025-11-30,Neurology,45122,32919,12203
2025-11-30,Orthopedics,60634,40727,19907
2025-11-30,General,47453,37942,9511
2025-11-30,Emergency,173438,122058,51380
2025-12-01,Cardiology,78794,49316,29478
2025-12-01,Neurology,105970,66391,39579
2025-12-01,Orthopedics,117701,73668,44033
2025-12-01,General,105372,73590,31782
2025-12-01,Emergency,130262,99590,30672
2025-12-02,Cardiology,120989,87492,33497
2025-12-02,Neurology,67310,41649,25661
2025-12-02,Orthopedics,143565,102032,41533
2025-12-02,General,127840,81649,46191
2025-12-02,Emergency,203339,157599,45740
2025-12-03,Cardiology,80080,60071,20009
2025-12-03,Neurology,75273,46544,28729
2025-12-03,Orthopedics,127756,83993,43763
2025-12-03,General,126938,94179,32759
2025-12-03,Emergency,140959,106704,34255
2025-12-04,Cardiology,57560,41429,16131
2025-12-04,Neurology,63422,39112,24310
2025-12-04,Orthopedics,133956,80783,53173
2025-12-04,General,84383,58278,26105
2025-12-04,Emergency,107861,83603,24258
2025-12-05,Cardiology,98906,75914,22992
2025-12-05,Neurology,117377,92417,24960
2025-12-05,Orthopedics,133945,85182,48763
2025-12-05,General,59158,38636,20522
2025-12-05,Emergency,135929,108114,27815
2025-12-06,Cardiology,65979,40879,25100
2025-12-06,Neurology,88083,60572,27511
2025-12-06,Orthopedics,84690,54249,30441
2025-12-06,General,49569,36695,12874
2025-12-06,Emergency,86193,62388,23805
2025-12-07,Cardiology,43874,29366,14508
2025-12-07,Neurology,52844,34502,18342
2025-12-07,Orthopedics,69789,44086,25703
2025-12-07,General,53017,40353,12664
2025-12-07,Emergency,145502,88100,57402
2025-12-08,Cardiology,51786,32200,19586
2025-12-08,Neurology,71761,54061,17700
2025-12-08,Orthopedics,67408,51893,15515
2025-12-08,General,108231,77017,31214
2025-12-08,Emergency,176607,118714,57893
2025-12-09,Cardiology,143467,94883,48584
2025-12-09,Neurology,62999,48431,14568
2025-12-09,Orthopedics,75233,52599,22634
2025-12-09,General,57921,36214,21707
2025-12-09,Emergency,171483,131004,40479
2025-12-10,Cardiology,95448,73805,21643
2025-12-10,Neurology,137156,99562,37594
2025-12-10,Orthopedics,53493,32819,20674
2025-12-10,General,117529,76264,41265
2025-12-10,Emergency,150967,98034,52933
2025-12-11,Cardiology,138480,101729,36751
2025-12-11,Neurology,135555,104401,31154
2025-12-11,Orthopedics,112640,79955,32685
2025-12-11,General,99169,77649,21520
2025-12-11,Emergency,109796,71573,38223
2025-12-12,Cardiology,113637,75601,38036
2025-12-12,Neurology,112747,83422,29325
2025-12-12,Orthopedics,148398,96023,52375
2025-12-12,General,59989,45795,14194
2025-12-12,Emergency,109415,78127,31288
2025-12-13,Cardiology,50408,38882,11526
2025-12-13,Neurology,71235,44490,26745
2025-12-13,Orthopedics,94623,74809,19814
2025-12-13,General,82932,60262,22670
2025-12-13,Emergency,175260,131224,44036
2025-12-14,Cardiology,69104,50982,18122
2025-12-14,Neurology,48580,29277,19303
2025-12-14,Orthopedics,35598,23469,12129
2025-12-14,General,47774,30384,17390
2025-12-14,Emergency,155903,112223,43680
2025-12-15,Cardiology,148520,99557,48963
2025-12-15,Neurology,74541,49396,25145
2025-12-15,Orthopedics,141243,103782,37461
2025-12-15,General,113443,80552,32891
2025-12-15,Emergency,96664,63640,33024
2025-12-16,Cardiology,60434,40981,19453
2025-12-16,Neurology,126890,77072,49818
2025-12-16,Orthopedics,146296,107413,38883
2025-12-16,General,127377,99191,28186
2025-12-16,Emergency,177793,137466,40327
2025-12-17,Cardiology,133486,99281,34205
2025-12-17,Neurology,132051,83577,48474
2025-12-17,Orthopedics,75810,50174,25636
2025-12-17,General,119587,78607,40980
2025-12-17,Emergency,163539,126022,37517
2025-12-18,Cardiology,106573,77830,28743
2025-12-18,Neurology,81948,50614,31334
2025-12-18,Orthopedics,147093,106252,40841
2025-12-18,General,106986,68229,38757
2025-12-18,Emergency,94049,62654,31395
2025-12-19,Cardiology,69986,47601,22385
2025-12-19,Neurology,148953,115143,33810
2025-12-19,Orthopedics,110845,75443,35402
2025-12-19,General,89880,54269,35611
2025-12-19,Emergency,162745,114607,48138
2025-12-20,Cardiology,53399,34626,18773
2025-12-20,Neurology,68917,48711,20206
2025-12-20,Orthopedics,39550,25636,13914
2025-12-20,General,92858,70216,22642
2025-12-20,Emergency,91456,70404,21052
2025-12-21,Cardiology,32087,23102,8985
2025-12-21,Neurology,82807,62432,20375
2025-12-21,Orthopedics,66301,47941,18360
2025-12-21,General,73457,54969,18488
2025-12-21,Emergency,175665,114161,61504
2025-12-22,Cardiology,105813,81729,24084
2025-12-22,Neurology,56030,35067,20963
2025-12-22,Orthopedics,98500,76468,22032
2025-12-22,General,93651,61421,32230
2025-12-22,Emergency,133919,94985,38934
2025-12-23,Cardiology,78089,62326,15763
2025-12-23,Neurology,98988,70229,28759
2025-12-23,Orthopedics,106538,76505,30033
2025-12-23,General,68853,46991,21862
2025-12-23,Emergency,132106,100155,31951
2025-12-24,Cardiology,115650,88142,27508
2025-12-24,Neurology,95823,71556,24267
2025-12-24,Orthopedics,96850,68022,28828
2025-12-24,General,74528,56732,17796
2025-12-24,Emergency,164216,114984,49232
2025-12-25,Cardiology,59167,45816,13351
2025-12-25,Neurology,90863,66271,24592
2025-12-25,Orthopedics,108549,67478,41071
2025-12-25,General,105504,70821,34683
2025-12-25,Emergency,140138,94467,45671
2025-12-26,Cardiology,84453,64479,19974
2025-12-26,Neurology,154453,98317,56136
2025-12-26,Orthopedics,124642,88376,36266
2025-12-26,General,96681,72905,23776
2025-12-26,Emergency,97024,62976,34048
2025-12-27,Cardiology,54327,36454,17873
2025-12-27,Neurology,71106,51561,19545
2025-12-27,Orthopedics,48409,36133,12276
2025-12-27,General,57730,44268,13462
2025-12-27,Emergency,156083,105729,50354
2025-12-28,Cardiology,74245,46877,27368
2025-12-28,Neurology,48849,38863,9986
2025-12-28,Orthopedics,37429,28508,8921
2025-12-28,General,28448,19372,9076
2025-12-28,Emergency,155239,105093,50146
2025-12-29,Cardiology,77045,50225,26820
2025-12-29,Neurology,96133,57816,38317
2025-12-29,Orthopedics,69257,43480,25777
2025-12-29,General,87683,65194,22489
2025-12-29,Emergency,159686,96885,62801
2025-12-30,Cardiology,67986,48453,19533
2025-12-30,Neurology,124683,76696,47987
2025-12-30,Orthopedics,144766,108019,36747
2025-12-30,General,96609,64225,32384
2025-12-30,Emergency,109189,80715,28474
2025-12-31,Cardiology,96329,58378,37951
2025-12-31,Neurology,143165,101382,41783
2025-12-31,Orthopedics,147902,107921,39981
2025-12-31,General,51954,40094,11860
2025-12-31,Emergency,132511,89304,43207
2026-01-01,Cardiology,97565,69941,27624
2026-01-01,Neurology,125873,99739,26134
2026-01-01,Orthopedics,127666,78672,48994
2026-01-01,General,58409,46091,12318
2026-01-01,Emergency,142821,90914,51907
2026-01-02,Cardiology,150651,90745,59906
2026-01-02,Neurology,54935,40635,14300
2026-01-02,Orthopedics,127623,81351,46272
2026-01-02,General,96045,67908,28137
2026-01-02,Emergency,103702,73764,29938
2026-01-03,Cardiology,53887,40207,13680
2026-01-03,Neurology,98852,64759,34093
2026-01-03,Orthopedics,43600,33456,10144
2026-01-03,General,93062,57767,35295
2026-01-03,Emergency,129860,86960,42900
2026-01-04,Cardiology,66958,46027,20931
2026-01-04,Neurology,31274,23971,7303
2026-01-04,Orthopedics,74804,56979,17825
2026-01-04,General,47781,30924,16857
2026-01-04,Emergency,112059,74233,37826
2026-01-05,Cardiology,74764,48485,26279
2026-01-05,Neurology,140801,110741,30060
2026-01-05,Orthopedics,116754,80751,36003
2026-01-05,General,117449,85246,32203
2026-01-05,Emergency,177678,128156,49522
2026-01-06,Cardiology,128544,97245,31299
2026-01-06,Neurology,125402,83125,42277
2026-01-06,Orthopedics,76042,48196,27846
2026-01-06,General,69455,52262,17193
2026-01-06,Emergency,170302,121753,48549
2026-01-07,Cardiology,73812,56028,17784
2026-01-07,Neurology,128406,77156,51250
2026-01-07,Orthopedics,76989,47892,29097
2026-01-07,General,63589,39556,24033
2026-01-07,Emergency,140696,112157,28539
2026-01-08,Cardiology,137293,98407,38886
2026-01-08,Neurology,92686,67105,25581
2026-01-08,Orthopedics,62747,43415,19332
2026-01-08,General,118416,89528,28888
2026-01-08,Emergency,158592,99125,59467
2026-01-09,Cardiology,66731,43755,22976
2026-01-09,Neurology,120335,88569,31766
2026-01-09,Orthopedics,83564,52199,31365
2026-01-09,General,114317,87797,26520
2026-01-09,Emergency,108863,72316,36547
2026-01-10,Cardiology,54726,33420,21306
2026-01-10,Neurology,79859,56365,23494
2026-01-10,Orthopedics,25754,17595,8159
2026-01-10,General,66836,53199,13637
2026-01-10,Emergency,172902,116603,56299
2026-01-11,Cardiology,58267,41893,16374
2026-01-11,Neurology,99259,78302,20957
2026-01-11,Orthopedics,65407,50511,14896
2026-01-11,General,30479,21864,8615
2026-01-11,Emergency,112874,69076,43798
2026-01-12,Cardiology,110405,73185,37220
2026-01-12,Neurology,103859,74729,29130
2026-01-12,Orthopedics,94046,56612,37434
2026-01-12,General,90435,69328,21107
2026-01-12,Emergency,123463,85347,38116
2026-01-13,Cardiology,63965,43325,20640
2026-01-13,Neurology,55143,41484,13659
2026-01-13,Orthopedics,133043,96132,36911
2026-01-13,General,59800,45112,14688
2026-01-13,Emergency,148886,111951,36935
2026-01-14,Cardiology,129889,91922,37967
2026-01-14,Neurology,64179,46702,17477
2026-01-14,Orthopedics,126447,82824,43623
2026-01-14,General,95943,65910,30033
2026-01-14,Emergency,99387,71050,28337
2026-01-15,Cardiology,137396,93021,44375
2026-01-15,Neurology,61724,41714,20010
2026-01-15,Orthopedics,103344,73175,30169
2026-01-15,General,69034,47955,21079
2026-01-15,Emergency,115564,86517,29047
2026-01-16,Cardiology,131255,81578,49677
2026-01-16,Neurology,47640,37378,10262
2026-01-16,Orthopedics,104175,78260,25915
2026-01-16,General,87363,63321,24042
2026-01-16,Emergency,91133,65422,25711
2026-01-17,Cardiology,73542,58774,14768
2026-01-17,Neurology,49776,31456,18320
2026-01-17,Orthopedics,78010,57431,20579
2026-01-17,General,32913,23573,9340
2026-01-17,Emergency,98035,77428,20607
2026-01-18,Cardiology,80082,55690,24392
2026-01-18,Neurology,62542,49563,12979
2026-01-18,Orthopedics,80191,59208,20983
2026-01-18,General,34114,23394,10720
2026-01-18,Emergency,92684,70738,21946
2026-01-19,Cardiology,70275,48009,22266
2026-01-19,Neurology,75296,59192,16104
2026-01-19,Orthopedics,108892,73124,35768
2026-01-19,General,95248,66290,28958
2026-01-19,Emergency,139915,96430,43485
2026-01-20,Cardiology,122862,96598,26264
2026-01-20,Neurology,85974,67146,18828
2026-01-20,Orthopedics,56967,40380,16587
2026-01-20,General,64949,47675,17274
2026-01-20,Emergency,160129,108133,51996
2026-01-21,Cardiology,95865,66326,29539
2026-01-21,Neurology,59452,43764,15688
2026-01-21,Orthopedics,66899,48332,18567
2026-01-21,General,136927,85844,51083
2026-01-21,Emergency,93873,69688,24185
2026-01-22,Cardiology,141660,105837,35823
2026-01-22,Neurology,106363,66557,39806
2026-01-22,Orthopedics,78611,62252,16359
2026-01-22,General,149867,105191,44676
2026-01-22,Emergency,99172,67238,31934
2026-01-23,Cardiology,66162,48724,17438
2026-01-23,Neurology,103258,67009,36249
2026-01-23,Orthopedics,61876,48519,13357
2026-01-23,General,125368,77878,47490
2026-01-23,Emergency,106692,81194,25498
2026-01-24,Cardiology,74392,54308,20084
2026-01-24,Neurology,24336,18605,5731
2026-01-24,Orthopedics,90164,54618,35546
2026-01-24,General,70440,50232,20208
2026-01-24,Emergency,91492,61747,29745
2026-01-25,Cardiology,74908,55517,19391
2026-01-25,Neurology,43845,30137,13708
2026-01-25,Orthopedics,69447,52318,17129
2026-01-25,General,81689,63573,18116
2026-01-25,Emergency,125521,83514,42007
2026-01-26,Cardiology,88267,58214,30053
2026-01-26,Neurology,130598,102092,28506
2026-01-26,Orthopedics,87186,65997,21189
2026-01-26,General,67179,42590,24589
2026-01-26,Emergency,86407,61073,25334
2026-01-27,Cardiology,95748,73839,21909
2026-01-27,Neurology,53520,39026,14494
2026-01-27,Orthopedics,128402,82096,46306
2026-01-27,General,42422,27120,15302
2026-01-27,Emergency,90797,60427,30370
2026-01-28,Cardiology,133858,96109,37749
2026-01-28,Neurology,60971,40442,20529
2026-01-28,Orthopedics,91501,64318,27183
2026-01-28,General,118530,71472,47058
2026-01-28,Emergency,117496,85752,31744
2026-01-29,Cardiology,136455,94358,42097
2026-01-29,Neurology,68827,46559,22268
2026-01-29,Orthopedics,150627,100191,50436
2026-01-29,General,109726,79892,29834
2026-01-29,Emergency,98791,73147,25644
2026-01-30,Cardiology,104115,63101,41014
2026-01-30,Neurology,153361,100336,53025
2026-01-30,Orthopedics,121799,92636,29163
2026-01-30,General,70667,53986,16681
2026-01-30,Emergency,117740,77086,40654
2026-01-31,Cardiology,37172,28826,8346
2026-01-31,Neurology,65566,51551,14015
2026-01-31,Orthopedics,40107,26369,13738
2026-01-31,General,53650,36301,17349
2026-01-31,Emergency,181897,138231,43666
2026-02-01,Cardiology,68739,45123,23616
2026-02-01,Neurology,88531,57755,30776
2026-02-01,Orthopedics,91027,68122,22905
2026-02-01,General,70965,53754,17211
2026-02-01,Emergency,93395,57289,36106
2026-02-02,Cardiology,58242,41752,16490
2026-02-02,Neurology,151444,103676,47768
2026-02-02,Orthopedics,87864,61709,26155
2026-02-02,General,133346,84836,48510
2026-02-02,Emergency,132877,101141,31736
2026-02-03,Cardiology,95742,70778,24964
2026-02-03,Neurology,126682,97829,28853
2026-02-03,Orthopedics,76215,51953,24262
2026-02-03,General,142054,109103,32951
2026-02-03,Emergency,149629,118260,31369
2026-02-04,Cardiology,85392,51267,34125
2026-02-04,Neurology,80138,54681,25457
2026-02-04,Orthopedics,85228,54801,30427
2026-02-04,General,89145,65379,23766
2026-02-04,Emergency,163992,102911,61081
2026-02-05,Cardiology,144620,92596,52024
2026-02-05,Neurology,92005,71647,20358
2026-02-05,Orthopedics,98090,78429,19661
2026-02-05,General,64225,44730,19495
2026-02-05,Emergency,85428,58442,26986
2026-02-06,Cardiology,84203,63839,20364
2026-02-06,Neurology,92318,69079,23239
2026-02-06,Orthopedics,61814,39554,22260
2026-02-06,General,95491,62004,33487
2026-02-06,Emergency,141010,98409,42601
2026-02-07,Cardiology,83713,54306,29407
2026-02-07,Neurology,52648,33204,19444
2026-02-07,Orthopedics,44836,27884,16952
2026-02-07,General,66142,49341,16801
2026-02-07,Emergency,102803,64051,38752
2026-02-08,Cardiology,36452,22084,14368
2026-02-08,Neurology,78645,58766,19879
2026-02-08,Orthopedics,64603,46825,17778
2026-02-08,General,48329,31512,16817
2026-02-08,Emergency,134034,104147,29887
2026-02-09,Cardiology,76720,58184,18536
2026-02-09,Neurology,122811,86379,36432
2026-02-09,Orthopedics,55015,36753,18262
2026-02-09,General,126503,98779,27724
2026-02-09,Emergency,108915,72006,36909
2026-02-10,Cardiology,94551,64604,29947
2026-02-10,Neurology,57841,44302,13539
2026-02-10,Orthopedics,156062,98699,57363
2026-02-10,General,89346,59953,29393
2026-02-10,Emergency,121832,83657,38175
2026-02-11,Cardiology,111842,88749,23093
2026-02-11,Neurology,62130,41820,20310
2026-02-11,Orthopedics,102522,76597,25925
2026-02-11,General,125456,82475,42981
2026-02-11,Emergency,152699,98862,53837
2026-02-12,Cardiology,102173,70474,31699
2026-02-12,Neurology,62403,42904,19499
2026-02-12,Orthopedics,133937,94677,39260
2026-02-12,General,123493,81939,41554
2026-02-12,Emergency,100442,68142,32300
2026-02-13,Cardiology,61637,45072,16565
2026-02-13,Neurology,56869,42401,14468
2026-02-13,Orthopedics,69376,43097,26279
2026-02-13,General,77375,57432,19943
2026-02-13,Emergency,156100,109308,46792
2026-02-14,Cardiology,72505,56923,15582
2026-02-14,Neurology,54057,34731,19326
2026-02-14,Orthopedics,48876,36568,12308
2026-02-14,General,94369,71485,22884
2026-02-14,Emergency,121272,74291,46981
2026-02-15,Cardiology,70518,44386,26132
2026-02-15,Neurology,53261,41814,11447
2026-02-15,Orthopedics,64940,50570,14370
2026-02-15,General,36391,24073,12318
2026-02-15,Emergency,151383,91801,59582
2026-02-16,Cardiology,78300,62242,16058
2026-02-16,Neurology,135828,97760,38068
2026-02-16,Orthopedics,49162,33835,15327
2026-02-16,General,96022,72443,23579
2026-02-16,Emergency,139422,100629,38793
2026-02-17,Cardiology,61276,37047,24229
2026-02-17,Neurology,73649,55784,17865
2026-02-17,Orthopedics,62043,39255,22788
2026-02-17,General,55580,35581,19999
2026-02-17,Emergency,151093,100401,50692
2026-02-18,Cardiology,100261,75427,24834
2026-02-18,Neurology,69665,48177,21488
2026-02-18,Orthopedics,151165,117160,34005
2026-02-18,General,64311,44068,20243
2026-02-18,Emergency,181662,145012,36650
2026-02-19,Cardiology,67760,41305,26455
2026-02-19,Neurology,84076,51162,32914
2026-02-19,Orthopedics,107100,64627,42473
2026-02-19,General,74680,55204,19476
2026-02-19,Emergency,179261,132666,46595
2026-02-20,Cardiology,104683,66488,38195
2026-02-20,Neurology,97440,62187,35253
2026-02-20,Orthopedics,128498,78123,50375
2026-02-20,General,66648,50629,16019
2026-02-20,Emergency,155376,122202,33174
2026-02-21,Cardiology,86420,66741,19679
2026-02-21,Neurology,72282,50364,21918
2026-02-21,Orthopedics,24530,15878,8652
2026-02-21,General,58380,41478,16902
2026-02-21,Emergency,157731,112321,45410
2026-02-22,Cardiology,65006,40172,24834
2026-02-22,Neurology,50114,30161,19953
2026-02-22,Orthopedics,47701,29808,17893
2026-02-22,General,73710,48687,25023
2026-02-22,Emergency,178826,123998,54828
2026-02-23,Cardiology,86361,55692,30669
2026-02-23,Neurology,150478,102066,48412
2026-02-23,Orthopedics,62960,40180,22780
2026-02-23,General,57118,40065,17053
2026-02-23,Emergency,131391,98077,33314
2026-02-24,Cardiology,145269,97747,47522
2026-02-24,Neurology,77335,48209,29126
2026-02-24,Orthopedics,101718,68955,32763
2026-02-24,General,93371,73360,20011
2026-02-24,Emergency,139580,106959,32621
2026-02-25,Cardiology,98368,77167,21201
2026-02-25,Neurology,149143,111706,37437
2026-02-25,Orthopedics,88741,65613,23128
2026-02-25,General,62505,42518,19987
2026-02-25,Emergency,179229,112522,66707
2026-02-26,Cardiology,99880,61909,37971
2026-02-26,Neurology,75823,60614,15209
2026-02-26,Orthopedics,61040,46510,14530
2026-02-26,General,91703,63264,28439
2026-02-26,Emergency,138877,106737,32140
2026-02-27,Cardiology,73137,55489,17648
2026-02-27,Neurology,66561,48248,18313
2026-02-27,Orthopedics,80485,60214,20271
2026-02-27,General,134479,91074,43405
2026-02-27,Emergency,129862,78190,51672
2026-02-28,Cardiology,56063,40522,15541
2026-02-28,Neurology,58570,38535,20035
2026-02-28,Orthopedics,80940,57738,23202
2026-02-28,General,64997,50739,14258
2026-02-28,Emergency,131697,83499,48198
2026-03-01,Cardiology,51477,38762,12715
2026-03-01,Neurology,68375,42435,25940
2026-03-01,Orthopedics,57949,43201,14748
2026-03-01,General,67654,50701,16953
2026-03-01,Emergency,119836,81651,38185
2026-03-02,Cardiology,59372,37743,21629
2026-03-02,Neurology,131388,83385,48003
2026-03-02,Orthopedics,70444,45464,24980
2026-03-02,General,97867,60843,37024
2026-03-02,Emergency,99621,66019,33602
2026-03-03,Cardiology,70138,45133,25005
2026-03-03,Neurology,97981,68239,29742
2026-03-03,Orthopedics,76439,57094,19345
2026-03-03,General,133529,81324,52205
2026-03-03,Emergency,114806,71782,43024
2026-03-04,Cardiology,92282,56936,35346
2026-03-04,Neurology,99167,63983,35184
2026-03-04,Orthopedics,54086,39910,14176
2026-03-04,General,125211,91623,33588
2026-03-04,Emergency,93268,66516,26752
2026-03-05,Cardiology,62894,44378,18516
2026-03-05,Neurology,132306,94643,37663
2026-03-05,Orthopedics,103844,73838,30006
2026-03-05,General,120293,83131,37162
2026-03-05,Emergency,129822,94157,35665
2026-03-06,Cardiology,142969,108643,34326
2026-03-06,Neurology,124473,97391,27082
2026-03-06,Orthopedics,67237,52109,15128
2026-03-06,General,134267,107196,27071
2026-03-06,Emergency,175399,131482,43917
2026-03-07,Cardiology,43543,27626,15917
2026-03-07,Neurology,79400,55361,24039
2026-03-07,Orthopedics,93839,65471,28368
2026-03-07,General,78331,54706,23625
2026-03-07,Emergency,123217,97798,25419
2026-03-08,Cardiology,63888,42736,21152
2026-03-08,Neurology,75071,51224,23847
2026-03-08,Orthopedics,94607,56920,37687
2026-03-08,General,76047,48623,27424
2026-03-08,Emergency,132244,83505,48739
2026-03-09,Cardiology,97423,66860,30563
2026-03-09,Neurology,104472,63161,41311
2026-03-09,Orthopedics,123192,86121,37071
2026-03-09,General,152958,120602,32356
2026-03-09,Emergency,152857,100712,52145
2026-03-10,Cardiology,93265,64750,28515
2026-03-10,Neurology,60549,44190,16359
2026-03-10,Orthopedics,64647,50322,14325
2026-03-10,General,141105,107261,33844
2026-03-10,Emergency,190694,150003,40691
2026-03-11,Cardiology,87619,56059,31560
2026-03-11,Neurology,143554,92047,51507
2026-03-11,Orthopedics,94722,65765,28957
2026-03-11,General,78555,53600,24955
2026-03-11,Emergency,152471,95165,57306
2026-03-12,Cardiology,145967,105580,40387
2026-03-12,Neurology,66773,50446,16327
2026-03-12,Orthopedics,135349,88639,46710
2026-03-12,General,80650,60528,20122
2026-03-12,Emergency,160814,114313,46501
2026-03-13,Cardiology,65291,48264,17027
2026-03-13,Neurology,145979,97819,48160
2026-03-13,Orthopedics,83802,64672,19130
2026-03-13,General,84637,52988,31649
2026-03-13,Emergency,136263,95520,40743
2026-03-14,Cardiology,58982,42995,15987
2026-03-14,Neurology,44016,26585,17431
2026-03-14,Orthopedics,30961,20307,10654
2026-03-14,General,64532,49472,15060
2026-03-14,Emergency,98399,68058,30341
2026-03-15,Cardiology,76942,52686,24256
2026-03-15,Neurology,81547,63284,18263
2026-03-15,Orthopedics,82494,63492,19002
2026-03-15,General,47423,35182,12241
2026-03-15,Emergency,180547,112033,68514
2026-03-16,Cardiology,89555,61404,28151
2026-03-16,Neurology,61530,48642,12888
2026-03-16,Orthopedics,107354,74945,32409
2026-03-16,General,110898,86807,24091
2026-03-16,Emergency,176100,122747,53353
2026-03-17,Cardiology,98945,72859,26086
2026-03-17,Neurology,100772,76829,23943
2026-03-17,Orthopedics,82487,63558,18929
2026-03-17,General,134907,87936,46971
2026-03-17,Emergency,84830,58875,25955
2026-03-18,Cardiology,73606,53340,20266
2026-03-18,Neurology,92818,61418,31400
2026-03-18,Orthopedics,148099,109295,38804
2026-03-18,General,75732,57908,17824
2026-03-18,Emergency,155516,100680,54836
2026-03-19,Cardiology,55448,34145,21303
2026-03-19,Neurology,140746,95507,45239
2026-03-19,Orthopedics,118804,82188,36616
2026-03-19,General,55772,37451,18321
2026-03-19,Emergency,130853,93176,37677
2026-03-20,Cardiology,64684,47126,17558
2026-03-20,Neurology,66546,52869,13677
2026-03-20,Orthopedics,120589,91532,29057
2026-03-20,General,80468,50535,29933
2026-03-20,Emergency,178261,119706,58555
2026-03-21,Cardiology,45190,28760,16430
2026-03-21,Neurology,78476,47489,30987
2026-03-21,Orthopedics,83911,55118,28793
2026-03-21,General,88160,66396,21764
2026-03-21,Emergency,124614,88839,35775
2026-03-22,Cardiology,92587,73190,19397
2026-03-22,Neurology,67884,50236,17648
2026-03-22,Orthopedics,37542,29116,8426
2026-03-22,General,56555,40217,16338
2026-03-22,Emergency,150902,91687,59215
2026-03-23,Cardiology,117380,75892,41488
2026-03-23,Neurology,100883,63863,37020
2026-03-23,Orthopedics,116680,70768,45912
2026-03-23,General,126348,88690,37658
2026-03-23,Emergency,176715,134442,42273
2026-03-24,Cardiology,121164,74010,47154
2026-03-24,Neurology,115061,84071,30990
2026-03-24,Orthopedics,120601,81440,39161
2026-03-24,General,104407,75237,29170
2026-03-24,Emergency,107630,69487,38143
2026-03-25,Cardiology,86462,56937,29525
2026-03-25,Neurology,81619,56355,25264
2026-03-25,Orthopedics,81886,57812,24074
2026-03-25,General,45676,29755,15921
2026-03-25,Emergency,143208,97229,45979
2026-03-26,Cardiology,100110,64007,36103
2026-03-26,Neurology,103105,68137,34968
2026-03-26,Orthopedics,74428,47362,27066
2026-03-26,General,129009,102349,26660
2026-03-26,Emergency,175254,121559,53695
2026-03-27,Cardiology,90219,64242,25977
2026-03-27,Neurology,55605,35558,20047
2026-03-27,Orthopedics,77749,60504,17245
2026-03-27,General,147098,112548,34550
2026-03-27,Emergency,174076,128503,45573
2026-03-28,Cardiology,77376,61389,15987
2026-03-28,Neurology,81613,53550,28063
2026-03-28,Orthopedics,32732,23973,8759
2026-03-28,General,63807,42476,21331
2026-03-28,Emergency,121492,92866,28626
2026-03-29,Cardiology,79272,53395,25877
2026-03-29,Neurology,40419,28149,12270
2026-03-29,Orthopedics,95584,73348,22236
2026-03-29,General,47773,29973,17800
2026-03-29,Emergency,168975,129561,39414
2026-03-30,Cardiology,113577,69357,44220
2026-03-30,Neurology,128020,79510,48510
2026-03-30,Orthopedics,154518,123184,31334
2026-03-30,General,135793,101760,34033
2026-03-30,Emergency,139252,98978,40274
2026-03-31,Cardiology,103926,64123,39803
2026-03-31,Neurology,79250,61355,17895
2026-03-31,Orthopedics,88984,56221,32763
2026-03-31,General,51778,31942,19836
2026-03-31,Emergency,170289,104700,65589
2026-04-01,Cardiology,86403,55192,31211
2026-04-01,Neurology,73043,54875,18168
2026-04-01,Orthopedics,97859,68420,29439
2026-04-01,General,120897,79967,40930
2026-04-01,Emergency,191017,119512,71505
2026-04-02,Cardiology,141808,94993,46815
2026-04-02,Neurology,147064,112399,34665
2026-04-02,Orthopedics,54524,34408,20116
2026-04-02,General,99870,76297,23573
2026-04-02,Emergency,166878,129866,37012
2026-04-03,Cardiology,109185,80673,28512
2026-04-03,Neurology,75690,59627,16063
2026-04-03,Orthopedics,131156,95386,35770
2026-04-03,General,96612,69149,27463
2026-04-03,Emergency,202689,125393,77296
2026-04-04,Cardiology,91715,59207,32508
2026-04-04,Neurology,48971,36295,12676
2026-04-04,Orthopedics,52228,34340,17888
2026-04-04,General,40320,31284,9036
2026-04-04,Emergency,131647,96722,34925
2026-04-05,Cardiology,68091,51444,16647
2026-04-05,Neurology,76701,54438,22263
2026-04-05,Orthopedics,56436,42156,14280
2026-04-05,General,87701,56716,30985
2026-04-05,Emergency,175815,106219,69596
2026-04-06,Cardiology,59087,46036,13051
2026-04-06,Neurology,76377,56821,19556
2026-04-06,Orthopedics,148967,99624,49343
2026-04-06,General,94349,60348,34001
2026-04-06,Emergency,101460,61967,39493
2026-04-07,Cardiology,150936,94010,56926
2026-04-07,Neurology,90872,65422,25450
2026-04-07,Orthopedics,74526,45097,29429
2026-04-07,General,54769,38903,15866
2026-04-07,Emergency,159477,113348,46129
2026-04-08,Cardiology,80331,62694,17637
2026-04-08,Neurology,130612,82292,48320
2026-04-08,Orthopedics,76784,59985,16799
2026-04-08,General,109835,74329,35506
2026-04-08,Emergency,176570,124302,52268
2026-04-09,Cardiology,57859,38223,19636
2026-04-09,Neurology,76985,53419,23566
2026-04-09,Orthopedics,74972,48601,26371
2026-04-09,General,107765,67279,40486
2026-04-09,Emergency,136424,91907,44517
2026-04-10,Cardiology,136112,98495,37617
2026-04-10,Neurology,131287,87011,44276
2026-04-10,Orthopedics,111433,67230,44203
2026-04-10,General,102880,71436,31444
2026-04-10,Emergency,164304,114207,50097
2026-04-11,Cardiology,85080,66539,18541
2026-04-11,Neurology,77152,52962,24190
2026-04-11,Orthopedics,55039,42220,12819
2026-04-11,General,53178,41666,11512
2026-04-11,Emergency,128268,88659,39609
2026-04-12,Cardiology,53463,40182,13281
2026-04-12,Neurology,49123,32403,16720
2026-04-12,Orthopedics,93516,69879,23637
2026-04-12,General,55191,41165,14026
2026-04-12,Emergency,144479,108589,35890
2026-04-13,Cardiology,89499,67039,22460
2026-04-13,Neurology,123298,81467,41831
2026-04-13,Orthopedics,136197,96567,39630
2026-04-13,General,53581,37433,16148
2026-04-13,Emergency,84460,54782,29678
2026-04-14,Cardiology,133822,90637,43185
2026-04-14,Neurology,83095,54148,28947
2026-04-14,Orthopedics,54522,36007,18515
2026-04-14,General,63148,46454,16694
2026-04-14,Emergency,90949,63735,27214
2026-04-15,Cardiology,66639,46452,20187
2026-04-15,Neurology,105108,74249,30859
2026-04-15,Orthopedics,124152,96148,28004
2026-04-15,General,71664,43181,28483
2026-04-15,Emergency,110095,87058,23037
2026-04-16,Cardiology,71119,50625,20494
2026-04-16,Neurology,121222,75463,45759
2026-04-16,Orthopedics,102734,65783,36951
2026-04-16,General,123641,80713,42928
2026-04-16,Emergency,121350,75266,46084
2026-04-17,Cardiology,111247,73555,37692
2026-04-17,Neurology,63848,50007,13841
2026-04-17,Orthopedics,83764,57931,25833
2026-04-17,General,140945,100720,40225
2026-04-17,Emergency,129393,97009,32384
2026-04-18,Cardiology,63661,44123,19538
2026-04-18,Neurology,62654,45801,16853
2026-04-18,Orthopedics,65910,52675,13235
2026-04-18,General,52797,35894,16903
2026-04-18,Emergency,119469,72847,46622
2026-04-19,Cardiology,49282,36617,12665
2026-04-19,Neurology,59840,41336,18504
2026-04-19,Orthopedics,80791,54251,26540
2026-04-19,General,25542,19191,6351
2026-04-19,Emergency,162365,107582,54783
2026-04-20,Cardiology,75041,55377,19664
2026-04-20,Neurology,63001,47334,15667
2026-04-20,Orthopedics,88038,57684,30354
2026-04-20,General,60029,40008,20021
2026-04-20,Emergency,95295,66416,28879
2026-04-21,Cardiology,64986,47320,17666
2026-04-21,Neurology,45924,31274,14650
2026-04-21,Orthopedics,107023,82169,24854
2026-04-21,General,115771,71929,43842
2026-04-21,Emergency,130180,91558,38622
2026-04-22,Cardiology,100067,71219,28848
2026-04-22,Neurology,70291,43804,26487
2026-04-22,Orthopedics,155810,96760,59050
2026-04-22,General,131342,103911,27431
2026-04-22,Emergency,176605,140988,35617
2026-04-23,Cardiology,78681,53770,24911
2026-04-23,Neurology,140533,100617,39916
2026-04-23,Orthopedics,55962,40928,15034
2026-04-23,General,85682,63044,22638
2026-04-23,Emergency,130827,92218,38609
2026-04-24,Cardiology,141032,96718,44314
2026-04-24,Neurology,138419,94970,43449
2026-04-24,Orthopedics,128610,99611,28999
2026-04-24,General,74388,47082,27306
2026-04-24,Emergency,111850,67343,44507
2026-04-25,Cardiology,44254,34383,9871
2026-04-25,Neurology,67508,48126,19382
2026-04-25,Orthopedics,43092,26192,16900
2026-04-25,General,90813,65732,25081
2026-04-25,Emergency,122413,84219,38194
2026-04-26,Cardiology,44812,31780,13032
2026-04-26,Neurology,35744,21585,14159
2026-04-26,Orthopedics,80927,56374,24553
2026-04-26,General,56834,44744,12090
2026-04-26,Emergency,170747,125918,44829
2026-04-27,Cardiology,151604,100408,51196
2026-04-27,Neurology,133372,94663,38709
2026-04-27,Orthopedics,106556,78279,28277
2026-04-27,General,72007,46465,25542
2026-04-27,Emergency,149356,90833,58523
2026-04-28,Cardiology,157088,113758,43330
2026-04-28,Neurology,110378,70597,39781
2026-04-28,Orthopedics,134809,91508,43301
2026-04-28,General,105193,75872,29321
2026-04-28,Emergency,175309,112203,63106
2026-04-29,Cardiology,109979,75687,34292
2026-04-29,Neurology,150304,111648,38656
2026-04-29,Orthopedics,107770,71624,36146
2026-04-29,General,63603,46230,17373
2026-04-29,Emergency,106518,83206,23312
2026-04-30,Cardiology,51752,38307,13445
2026-04-30,Neurology,101693,77334,24359
2026-04-30,Orthopedics,98934,62780,36154
2026-04-30,General,134305,85206,49099
2026-04-30,Emergency,112409,70100,42309
2026-05-01,Cardiology,79141,53695,25446
2026-05-01,Neurology,76517,56394,20123
2026-05-01,Orthopedics,159856,113681,46175
2026-05-01,General,69401,46315,23086
2026-05-01,Emergency,176045,120032,56013
2026-05-02,Cardiology,35036,25710,9326
2026-05-02,Neurology,48524,35477,13047
2026-05-02,Orthopedics,36471,24855,11616
2026-05-02,General,67575,49635,17940
2026-05-02,Emergency,170430,120520,49910
2026-05-03,Cardiology,53074,40130,12944
2026-05-03,Neurology,74697,47341,27356
2026-05-03,Orthopedics,84619,64196,20423
2026-05-03,General,73017,56413,16604
2026-05-03,Emergency,105055,67310,37745
2026-05-04,Cardiology,72393,47816,24577
2026-05-04,Neurology,124430,93261,31169
2026-05-04,Orthopedics,82099,52413,29686
2026-05-04,General,117333,72067,45266
2026-05-04,Emergency,138641,98511,40130
2026-05-05,Cardiology,68202,47863,20339
2026-05-05,Neurology,134191,91140,43051
2026-05-05,Orthopedics,122316,80632,41684
2026-05-05,General,118145,92286,25859
2026-05-05,Emergency,101392,75636,25756
2026-05-06,Cardiology,110431,71543,38888
2026-05-06,Neurology,63632,46575,17057
2026-05-06,Orthopedics,52765,40810,11955
2026-05-06,General,142031,90268,51763
2026-05-06,Emergency,198824,121945,76879
2026-05-07,Cardiology,47324,33698,13626
2026-05-07,Neurology,49099,32174,16925
2026-05-07,Orthopedics,72946,51558,21388
2026-05-07,General,79503,52538,26965
2026-05-07,Emergency,141940,102936,39004
2026-05-08,Cardiology,138101,99655,38446
2026-05-08,Neurology,138265,104431,33834
2026-05-08,Orthopedics,77420,47917,29503
2026-05-08,General,112251,87917,24334
2026-05-08,Emergency,100759,74228,26531
2026-05-09,Cardiology,54732,37308,17424
2026-05-09,Neurology,74274,58446,15828
2026-05-09,Orthopedics,57715,43859,13856
2026-05-09,General,48886,31124,17762
2026-05-09,Emergency,154799,97425,57374
2026-05-10,Cardiology,82991,50092,32899
2026-05-10,Neurology,60419,36484,23935
2026-05-10,Orthopedics,53955,42515,11440
2026-05-10,General,27294,17677,9617
2026-05-10,Emergency,153144,107927,45217
2026-05-11,Cardiology,124487,97375,27112
2026-05-11,Neurology,45703,28917,16786
2026-05-11,Orthopedics,111171,86877,24294
2026-05-11,General,104172,71550,32622
2026-05-11,Emergency,146898,100270,46628
2026-05-12,Cardiology,115129,83854,31275
2026-05-12,Neurology,137341,95237,42104
2026-05-12,Orthopedics,150531,116944,33587
2026-05-12,General,80994,57313,23681
2026-05-12,Emergency,116249,70639,45610
2026-05-13,Cardiology,133463,94577,38886
2026-05-13,Neurology,71988,53525,18463
2026-05-13,Orthopedics,58631,41987,16644
2026-05-13,General,97293,61209,36084
2026-05-13,Emergency,121493,95446,26047
2026-05-14,Cardiology,64316,50754,13562
2026-05-14,Neurology,83271,63154,20117
2026-05-14,Orthopedics,131504,99437,32067
2026-05-14,General,156612,121938,34674
2026-05-14,Emergency,142214,110326,31888
2026-05-15,Cardiology,71714,55310,16404
2026-05-15,Neurology,50919,34834,16085
2026-05-15,Orthopedics,94491,69138,25353
2026-05-15,General,118574,76451,42123
2026-05-15,Emergency,104464,74756,29708
2026-05-16,Cardiology,95457,71961,23496
2026-05-16,Neurology,61702,46569,15133
2026-05-16,Orthopedics,77701,59754,17947
2026-05-16,General,49994,35516,14478
2026-05-16,Emergency,111624,67480,44144
2026-05-17,Cardiology,29207,19469,9738
2026-05-17,Neurology,68483,47206,21277
2026-05-17,Orthopedics,35787,25061,10726
2026-05-17,General,88756,56158,32598
2026-05-17,Emergency,151941,99022,52919
2026-05-18,Cardiology,142700,93331,49369
2026-05-18,Neurology,134879,102718,32161
2026-05-18,Orthopedics,123469,87409,36060
2026-05-18,General,61000,41935,19065
2026-05-18,Emergency,122421,97216,25205
2026-05-19,Cardiology,60896,46345,14551
2026-05-19,Neurology,107485,71334,36151
2026-05-19,Orthopedics,72993,53148,19845
2026-05-19,General,117169,81961,35208
2026-05-19,Emergency,159402,119813,39589
2026-05-20,Cardiology,69109,51106,18003
2026-05-20,Neurology,87480,68180,19300
2026-05-20,Orthopedics,86461,63098,23363
2026-05-20,General,121548,93203,28345
2026-05-20,Emergency,123942,76637,47305
2026-05-21,Cardiology,126499,91581,34918
2026-05-21,Neurology,65483,50383,15100
2026-05-21,Orthopedics,120200,73265,46935
2026-05-21,General,85344,52178,33166
2026-05-21,Emergency,107424,73341,34083
2026-05-22,Cardiology,66640,45833,20807
2026-05-22,Neurology,111782,68372,43410
2026-05-22,Orthopedics,68613,46462,22151
2026-05-22,General,129580,85994,43586
2026-05-22,Emergency,167180,113997,53183
2026-05-23,Cardiology,57907,40311,17596
2026-05-23,Neurology,67370,43860,23510
2026-05-23,Orthopedics,82931,55004,27927
2026-05-23,General,76773,53264,23509
2026-05-23,Emergency,143655,96212,47443
2026-05-24,Cardiology,27082,20350,6732
2026-05-24,Neurology,80460,51050,29410
2026-05-24,Orthopedics,84816,51143,33673
2026-05-24,General,60470,45263,15207
2026-05-24,Emergency,152826,98374,54452
2026-05-25,Cardiology,79755,61971,17784
2026-05-25,Neurology,90036,54475,35561
2026-05-25,Orthopedics,117864,88918,28946
2026-05-25,General,116416,84200,32216
2026-05-25,Emergency,86802,65963,20839
2026-05-26,Cardiology,123039,78148,44891
2026-05-26,Neurology,137007,101967,35040
2026-05-26,Orthopedics,52923,39698,13225
2026-05-26,General,113717,81094,32623
2026-05-26,Emergency,79822,59003,20819
2026-05-27,Cardiology,83748,60949,22799
2026-05-27,Neurology,98037,59743,38294
2026-05-27,Orthopedics,67203,50599,16604
2026-05-27,General,60953,45271,15682
2026-05-27,Emergency,134550,105842,28708
2026-05-28,Cardiology,150817,102375,48442
2026-05-28,Neurology,133668,96562,37106
2026-05-28,Orthopedics,111407,85500,25907
2026-05-28,General,121137,90183,30954
2026-05-28,Emergency,81682,53840,27842
2026-05-29,Cardiology,115655,87611,28044
2026-05-29,Neurology,131548,101155,30393
2026-05-29,Orthopedics,72886,51007,21879
2026-05-29,General,126891,96123,30768
2026-05-29,Emergency,167598,109460,58138
2026-05-30,Cardiology,71474,44533,26941
2026-05-30,Neurology,91440,56209,35231
2026-05-30,Orthopedics,92190,61483,30707
2026-05-30,General,72377,46635,25742
2026-05-30,Emergency,106414,80191,26223
2026-05-31,Cardiology,88901,62452,26449
2026-05-31,Neurology,44106,26542,17564
2026-05-31,Orthopedics,56467,41453,15014
2026-05-31,General,70779,49545,21234
2026-05-31,Emergency,158670,126119,32551
2026-06-01,Cardiology,60095,42883,17212
2026-06-01,Neurology,116467,75635,40832
2026-06-01,Orthopedics,106810,76375,30435
2026-06-01,General,148840,113826,35014
2026-06-01,Emergency,184694,133058,51636
2026-06-02,Cardiology,131256,81873,49383
2026-06-02,Neurology,124681,80131,44550
2026-06-02,Orthopedics,63465,49672,13793
2026-06-02,General,150862,105210,45652
2026-06-02,Emergency,132020,104791,27229
2026-06-03,Cardiology,71570,45620,25950
2026-06-03,Neurology,120766,82482,38284
2026-06-03,Orthopedics,110441,67116,43325
2026-06-03,General,61680,38491,23189
2026-06-03,Emergency,144026,111408,32618
2026-06-04,Cardiology,84060,56625,27435
2026-06-04,Neurology,55318,38174,17144
2026-06-04,Orthopedics,144161,107546,36615
2026-06-04,General,141518,105223,36295
2026-06-04,Emergency,150820,109646,41174
2026-06-05,Cardiology,120742,73931,46811
2026-06-05,Neurology,110418,71871,38547
2026-06-05,Orthopedics,135788,99169,36619
2026-06-05,General,109952,73499,36453
2026-06-05,Emergency,93912,62432,31480
2026-06-06,Cardiology,67754,47137,20617
2026-06-06,Neurology,50056,34537,15519
2026-06-06,Orthopedics,92331,66680,25651
2026-06-06,General,50462,39090,11372
2026-06-06,Emergency,116648,93121,23527
2026-06-07,Cardiology,53073,40225,12848
2026-06-07,Neurology,90679,61148,29531
2026-06-07,Orthopedics,51782,38449,13333
2026-06-07,General,93295,74142,19153
2026-06-07,Emergency,124590,82902,41688
2026-06-08,Cardiology,157681,121290,36391
2026-06-08,Neurology,129039,83381,45658
2026-06-08,Orthopedics,97572,60488,37084
2026-06-08,General,74863,45132,29731
2026-06-08,Emergency,155414,118844,36570
2026-06-09,Cardiology,137342,84972,52370
2026-06-09,Neurology,154681,109280,45401
2026-06-09,Orthopedics,113264,89379,23885
2026-06-09,General,63246,50326,12920
2026-06-09,Emergency,173984,114290,59694
2026-06-10,Cardiology,75173,59794,15379
2026-06-10,Neurology,63975,49385,14590
2026-06-10,Orthopedics,99918,66495,33423
2026-06-10,General,109690,67377,42313
2026-06-10,Emergency,149241,103433,45808
2026-06-11,Cardiology,91207,60650,30557
2026-06-11,Neurology,99874,79640,20234
2026-06-11,Orthopedics,122516,91295,31221
2026-06-11,General,81468,63263,18205
2026-06-11,Emergency,87298,58090,29208
2026-06-12,Cardiology,54327,39598,14729
2026-06-12,Neurology,97346,76395,20951
2026-06-12,Orthopedics,100285,68467,31818
2026-06-12,General,109777,75077,34700
2026-06-12,Emergency,195575,136902,58673
2026-06-13,Cardiology,34527,24862,9665
2026-06-13,Neurology,82030,63375,18655
2026-06-13,Orthopedics,48547,30393,18154
2026-06-13,General,77813,59451,18362
2026-06-13,Emergency,141861,93894,47967
2026-06-14,Cardiology,59000,37309,21691
2026-06-14,Neurology,83501,60005,23496
2026-06-14,Orthopedics,61442,40282,21160
2026-06-14,General,52283,33566,18717
2026-06-14,Emergency,168455,122576,45879
2026-06-15,Cardiology,132592,81268,51324
2026-06-15,Neurology,144285,115085,29200
2026-06-15,Orthopedics,105723,68982,36741
2026-06-15,General,93930,66405,27525
2026-06-15,Emergency,89597,58807,30790
2026-06-16,Cardiology,92856,56385,36471
2026-06-16,Neurology,59830,37520,22310
2026-06-16,Orthopedics,85885,68691,17194
2026-06-16,General,82512,63016,19496
2026-06-16,Emergency,190193,124791,65402
2026-06-17,Cardiology,127378,81073,46305
2026-06-17,Neurology,83494,54973,28521
2026-06-17,Orthopedics,92324,70494,21830
2026-06-17,General,106329,68366,37963
2026-06-17,Emergency,153242,94834,58408
2026-06-18,Cardiology,117592,93958,23634
2026-06-18,Neurology,85071,61880,23191
2026-06-18,Orthopedics,65445,43554,21891
2026-06-18,General,113221,78723,34498
2026-06-18,Emergency,136084,99834,36250
2026-06-19,Cardiology,108038,74001,34037
2026-06-19,Neurology,76679,48673,28006
2026-06-19,Orthopedics,62170,49150,13020
2026-06-19,General,53280,32590,20690
2026-06-19,Emergency,155036,118027,37009
2026-06-20,Cardiology,80354,57007,23347
2026-06-20,Neurology,79533,57035,22498
2026-06-20,Orthopedics,40338,30196,10142
2026-06-20,General,33859,24713,9146
2026-06-20,Emergency,189929,130310,59619
2026-06-21,Cardiology,88350,53041,35309
2026-06-21,Neurology,49987,36236,13751
2026-06-21,Orthopedics,33517,23846,9671
2026-06-21,General,88327,63550,24777
2026-06-21,Emergency,76982,52039,24943
2026-06-22,Cardiology,137363,100531,36832
2026-06-22,Neurology,138787,99767,39020
2026-06-22,Orthopedics,98120,66848,31272
2026-06-22,General,126788,84247,42541
2026-06-22,Emergency,141778,93843,47935
2026-06-23,Cardiology,69280,53208,16072
2026-06-23,Neurology,106781,72623,34158
2026-06-23,Orthopedics,105078,65273,39805
2026-06-23,General,133456,99824,33632
2026-06-23,Emergency,157680,111409,46271
2026-06-24,Cardiology,98571,75202,23369
2026-06-24,Neurology,99413,69911,29502
2026-06-24,Orthopedics,140915,110325,30590
2026-06-24,General,157684,114238,43446
2026-06-24,Emergency,167285,113298,53987
2026-06-25,Cardiology,91264,72140,19124
2026-06-25,Neurology,97979,74169,23810
2026-06-25,Orthopedics,129975,100971,29004
2026-06-25,General,150240,104481,45759
2026-06-25,Emergency,131110,97868,33242
2026-06-26,Cardiology,76671,61291,15380
2026-06-26,Neurology,132860,104304,28556
2026-06-26,Orthopedics,133239,82601,50638
2026-06-26,General,76246,47293,28953
2026-06-26,Emergency,167311,117515,49796
2026-06-27,Cardiology,45297,35252,10045
2026-06-27,Neurology,77986,60073,17913
2026-06-27,Orthopedics,32511,22836,9675
2026-06-27,General,30778,23854,6924
2026-06-27,Emergency,198835,151851,46984
2026-06-28,Cardiology,65081,44620,20461
2026-06-28,Neurology,62112,43966,18146
2026-06-28,Orthopedics,65863,41174,24689
2026-06-28,General,81610,64939,16671
2026-06-28,Emergency,165564,129705,35859
2026-06-29,Cardiology,112754,84652,28102
2026-06-29,Neurology,98115,60609,37506
2026-06-29,Orthopedics,147044,113483,33561
2026-06-29,General,90979,54614,36365
2026-06-29,Emergency,98522,71179,27343
2026-06-30,Cardiology,62970,46672,16298
2026-06-30,Neurology,131531,101917,29614
2026-06-30,Orthopedics,88154,60836,27318
2026-06-30,General,95259,74398,20861
2026-06-30,Emergency,179938,120454,59484
2026-07-01,Cardiology,134134,89771,44363
2026-07-01,Neurology,133006,87381,45625
2026-07-01,Orthopedics,98262,74153,24109
2026-07-01,General,78498,50695,27803
2026-07-01,Emergency,139431,85131,54300
2026-07-02,Cardiology,63453,39633,23820
2026-07-02,Neurology,58364,38771,19593
2026-07-02,Orthopedics,88086,70125,17961
2026-07-02,General,55157,33676,21481
2026-07-02,Emergency,144083,112271,31812
2026-07-03,Cardiology,135877,95388,40489
2026-07-03,Neurology,65446,44632,20814
2026-07-03,Orthopedics,66864,52570,14294
2026-07-03,General,115006,81638,33368
2026-07-03,Emergency,145019,92473,52546
2026-07-04,Cardiology,74709,59350,15359
2026-07-04,Neurology,68407,52802,15605
2026-07-04,Orthopedics,42370,25754,16616
2026-07-04,General,89963,56719,33244
2026-07-04,Emergency,179678,123524,56154
2026-07-05,Cardiology,82772,58961,23811
2026-07-05,Neurology,89429,55196,34233
2026-07-05,Orthopedics,34279,24725,9554
2026-07-05,General,61740,40618,21122
2026-07-05,Emergency,153900,114848,39052
2026-07-06,Cardiology,101731,67531,34200
2026-07-06,Neurology,87360,63703,23657
2026-07-06,Orthopedics,120538,83051,37487
2026-07-06,General,102057,64307,37750
2026-07-06,Emergency,92832,56004,36828
2026-07-07,Cardiology,69947,54578,15369
2026-07-07,Neurology,152060,92862,59198
2026-07-07,Orthopedics,92539,73353,19186
2026-07-07,General,87750,59094,28656
2026-07-07,Emergency,178641,136131,42510
2026-07-08,Cardiology,98335,75870,22465
2026-07-08,Neurology,50236,35574,14662
2026-07-08,Orthopedics,57025,36065,20960
2026-07-08,General,74137,58804,15333
2026-07-08,Emergency,138019,89610,48409
2026-07-09,Cardiology,138095,103050,35045
2026-07-09,Neurology,128463,98485,29978
2026-07-09,Orthopedics,90076,56200,33876
2026-07-09,General,137798,88249,49549
2026-07-09,Emergency,87864,63759,24105
2026-07-10,Cardiology,126057,93859,32198
2026-07-10,Neurology,110632,74219,36413
2026-07-10,Orthopedics,135406,95453,39953
2026-07-10,General,104224,69578,34646
2026-07-10,Emergency,143525,103370,40155
2026-07-11,Cardiology,54355,39129,15226
2026-07-11,Neurology,64293,40177,24116
2026-07-11,Orthopedics,35200,25408,9792
2026-07-11,General,77786,61174,16612
2026-07-11,Emergency,127257,82357,44900
2026-07-12,Cardiology,48619,35285,13334
2026-07-12,Neurology,42368,25823,16545
2026-07-12,Orthopedics,75166,58583,16583
2026-07-12,General,79331,52747,26584
2026-07-12,Emergency,118356,86227,32129
2026-07-13,Cardiology,133611,102603,31008
2026-07-13,Neurology,140534,86884,53650
2026-07-13,Orthopedics,67104,43592,23512
2026-07-13,General,98359,60718,37641
2026-07-13,Emergency,97312,61411,35901
2026-07-14,Cardiology,98288,59282,39006
2026-07-14,Neurology,143324,91020,52304
2026-07-14,Orthopedics,99538,78883,20655
2026-07-14,General,106425,83082,23343
2026-07-14,Emergency,182378,137179,45199
2026-07-15,Cardiology,131690,92658,39032
2026-07-15,Neurology,91050,71277,19773
2026-07-15,Orthopedics,138693,89077,49616
2026-07-15,General,85768,63269,22499
2026-07-15,Emergency,134362,92898,41464
2026-07-16,Cardiology,70270,50634,19636
2026-07-16,Neurology,151305,102336,48969
2026-07-16,Orthopedics,82995,60246,22749
2026-07-16,General,158045,98801,59244
2026-07-16,Emergency,194979,131464,63515
2026-07-17,Cardiology,83707,54284,29423
2026-07-17,Neurology,139851,108884,30967
2026-07-17,Orthopedics,130930,97735,33195
2026-07-17,General,75423,47961,27462
2026-07-17,Emergency,118447,85445,33002
2026-07-18,Cardiology,71437,45158,26279
2026-07-18,Neurology,56684,35149,21535
2026-07-18,Orthopedics,54999,42001,12998
2026-07-18,General,68386,45937,22449
2026-07-18,Emergency,128850,88984,39866
2026-07-19,Cardiology,93443,71333,22110
2026-07-19,Neurology,36681,27977,8704
2026-07-19,Orthopedics,63603,41154,22449
2026-07-19,General,47183,28981,18202
2026-07-19,Emergency,155017,98202,56815
2026-07-20,Cardiology,132772,105879,26893
2026-07-20,Neurology,126349,90819,35530
2026-07-20,Orthopedics,126461,95949,30512
2026-07-20,General,96368,67982,28386
2026-07-20,Emergency,97914,73788,24126
2026-07-21,Cardiology,130337,95648,34689
2026-07-21,Neurology,82988,54456,28532
2026-07-21,Orthopedics,122726,76607,46119
2026-07-21,General,94639,60913,33726
2026-07-21,Emergency,168973,104167,64806
2026-07-22,Cardiology,126445,83229,43216
2026-07-22,Neurology,141986,99509,42477
2026-07-22,Orthopedics,138652,91783,46869
2026-07-22,General,88691,57932,30759
2026-07-22,Emergency,176636,119203,57433
2026-07-23,Cardiology,152261,121118,31143
2026-07-23,Neurology,75345,54188,21157
2026-07-23,Orthopedics,119619,95619,24000
2026-07-23,General,152834,117074,35760
2026-07-23,Emergency,113907,84706,29201
2026-07-24,Cardiology,62802,43662,19140
2026-07-24,Neurology,105482,66257,39225
2026-07-24,Orthopedics,129656,100440,29216
2026-07-24,General,150384,96746,53638
2026-07-24,Emergency,114117,71046,43071
2026-07-25,Cardiology,60911,43437,17474
2026-07-25,Neurology,90011,55946,34065
2026-07-25,Orthopedics,61968,37382,24586
2026-07-25,General,83590,50196,33394
2026-07-25,Emergency,109433,85310,24123
2026-07-26,Cardiology,50762,32899,17863
2026-07-26,Neurology,46219,36556,9663
2026-07-26,Orthopedics,64282,44564,19718
2026-07-26,General,53078,38705,14373
2026-07-26,Emergency,129997,95375,34622
2026-07-27,Cardiology,76843,57984,18859
2026-07-27,Neurology,154965,108944,46021
2026-07-27,Orthopedics,77589,51564,26025
2026-07-27,General,83308,53866,29442
2026-07-27,Emergency,164083,121578,42505
2026-07-28,Cardiology,95548,57353,38195
2026-07-28,Neurology,82438,59119,23319
2026-07-28,Orthopedics,65773,46045,19728
2026-07-28,General,118479,86128,32351
2026-07-28,Emergency,111274,75813,35461
2026-07-29,Cardiology,102513,66908,35605
2026-07-29,Neurology,141170,106899,34271
2026-07-29,Orthopedics,108629,65315,43314
2026-07-29,General,105719,82895,22824
2026-07-29,Emergency,110705,67966,42739
2026-07-30,Cardiology,66408,45078,21330
2026-07-30,Neurology,68265,43321,24944
2026-07-30,Orthopedics,139772,109722,30050
2026-07-30,General,88898,67327,21571
2026-07-30,Emergency,150620,109488,41132
2026-07-31,Cardiology,125561,88638,36923
2026-07-31,Neurology,84421,53624,30797
2026-07-31,Orthopedics,109358,79387,29971
2026-07-31,General,76093,56462,19631
2026-07-31,Emergency,102446,71205,31241
2026-08-01,Cardiology,79835,58681,21154
2026-08-01,Neurology,83514,56752,26762
2026-08-01,Orthopedics,83187,62323,20864
2026-08-01,General,46532,29189,17343
2026-08-01,Emergency,101200,78900,22300
2026-08-02,Cardiology,51221,32082,19139
2026-08-02,Neurology,59302,44912,14390
2026-08-02,Orthopedics,72671,51374,21297
2026-08-02,General,42042,31811,10231
2026-08-02,Emergency,179003,140127,38876
2026-08-03,Cardiology,143228,97390,45838
2026-08-03,Neurology,83928,57400,26528
2026-08-03,Orthopedics,89224,60896,28328
2026-08-03,General,63932,46958,16974
2026-08-03,Emergency,97437,75117,22320
2026-08-04,Cardiology,76173,54863,21310
2026-08-04,Neurology,95987,61556,34431
2026-08-04,Orthopedics,146288,107715,38573
2026-08-04,General,67480,48247,19233
2026-08-04,Emergency,94900,57405,37495
2026-08-05,Cardiology,67158,48911,18247
2026-08-05,Neurology,93176,62611,30565
2026-08-05,Orthopedics,126527,78986,47541
2026-08-05,General,63945,50928,13017
2026-08-05,Emergency,170373,115736,54637
2026-08-06,Cardiology,111865,73327,38538
2026-08-06,Neurology,66961,47808,19153
2026-08-06,Orthopedics,73838,57288,16550
2026-08-06,General,66337,39945,26392
2026-08-06,Emergency,130832,89858,40974
2026-08-07,Cardiology,91465,57081,34384
2026-08-07,Neurology,98738,63503,35235
2026-08-07,Orthopedics,159286,115450,43836
2026-08-07,General,79693,52200,27493
2026-08-07,Emergency,145936,106945,38991
2026-08-08,Cardiology,73391,48618,24773
2026-08-08,Neurology,91623,62498,29125
2026-08-08,Orthopedics,76911,59052,17859
2026-08-08,General,41241,25547,15694
2026-08-08,Emergency,112657,71184,41473
2026-08-09,Cardiology,52606,32252,20354
2026-08-09,Neurology,81726,53393,28333
2026-08-09,Orthopedics,54948,41699,13249
2026-08-09,General,53137,36265,16872
2026-08-09,Emergency,158627,111544,47083
2026-08-10,Cardiology,110483,77208,33275
2026-08-10,Neurology,102741,67259,35482
2026-08-10,Orthopedics,145877,102715,43162
2026-08-10,General,122164,74176,47988
2026-08-10,Emergency,208441,139331,69110
2026-08-11,Cardiology,103752,69555,34197
2026-08-11,Neurology,120762,92132,28630
2026-08-11,Orthopedics,129790,100287,29503
2026-08-11,General,144229,101112,43117
2026-08-11,Emergency,195791,130001,65790
2026-08-12,Cardiology,101915,64384,37531
2026-08-12,Neurology,54636,34696,19940
2026-08-12,Orthopedics,55451,38577,16874
2026-08-12,General,129486,97967,31519
2026-08-12,Emergency,127233,83191,44042
2026-08-13,Cardiology,73337,45722,27615
2026-08-13,Neurology,66493,45107,21386
2026-08-13,Orthopedics,144883,94709,50174
2026-08-13,General,73718,57840,15878
2026-08-13,Emergency,145696,111845,33851
2026-08-14,Cardiology,82861,59350,23511
2026-08-14,Neurology,120232,84903,35329
2026-08-14,Orthopedics,75389,53597,21792
2026-08-14,General,150804,95998,54806
2026-08-14,Emergency,178458,142438,36020
2026-08-15,Cardiology,66863,44187,22676
2026-08-15,Neurology,76971,54294,22677
2026-08-15,Orthopedics,36453,25836,10617
2026-08-15,General,88800,60885,27915
2026-08-15,Emergency,179998,127353,52645
2026-08-16,Cardiology,62709,49928,12781
2026-08-16,Neurology,50547,39279,11268
2026-08-16,Orthopedics,49217,38404,10813
2026-08-16,General,64892,42460,22432
2026-08-16,Emergency,112550,67599,44951
2026-08-17,Cardiology,66078,49355,16723
2026-08-17,Neurology,86786,55772,31014
2026-08-17,Orthopedics,113980,72264,41716
2026-08-17,General,124173,86672,37501
2026-08-17,Emergency,162669,121493,41176
2026-08-18,Cardiology,65346,50954,14392
2026-08-18,Neurology,100113,60746,39367
2026-08-18,Orthopedics,141009,89335,51674
2026-08-18,General,85249,61429,23820
2026-08-18,Emergency,125821,94277,31544
2026-08-19,Cardiology,59624,41369,18255
2026-08-19,Neurology,117752,77157,40595
2026-08-19,Orthopedics,68031,44871,23160
2026-08-19,General,122062,96318,25744
2026-08-19,Emergency,130376,85820,44556
2026-08-20,Cardiology,119848,80473,39375
2026-08-20,Neurology,114688,69089,45599
2026-08-20,Orthopedics,126980,90323,36657
2026-08-20,General,139925,100398,39527
2026-08-20,Emergency,102588,77775,24813
2026-08-21,Cardiology,145169,103667,41502
2026-08-21,Neurology,140165,109601,30564
2026-08-21,Orthopedics,140725,84701,56024
2026-08-21,General,61539,42669,18870
2026-08-21,Emergency,110662,71659,39003
2026-08-22,Cardiology,59065,39103,19962
2026-08-22,Neurology,63214,47023,16191
2026-08-22,Orthopedics,65230,49802,15428
2026-08-22,General,66249,45413,20836
2026-08-22,Emergency,122923,89913,33010
2026-08-23,Cardiology,92069,60829,31240
2026-08-23,Neurology,56229,37807,18422
2026-08-23,Orthopedics,54957,39111,15846
2026-08-23,General,42091,27646,14445
2026-08-23,Emergency,138962,84526,54436
