date,item_name,current_stock,consumed,expired,expiring_soon,stock_value
2026-02-24,Paracetamol,257,6,0,0,88003.51
2026-02-24,Amoxicillin,2285,62,0,317,578140.97
2026-02-24,Insulin,2806,224,0,0,1080229.16
2026-02-24,Antibiotics,4667,273,0,0,1319638.21
2026-02-24,IV Fluids,3444,87,0,0,993374.79
2026-02-24,Syringes,1291,79,0,0,74834.76
2026-02-24,Bandages,4283,145,0,0,1844614.91
2026-02-24,O2 Cylinders,4184,273,0,0,1002276.95
2026-02-25,Paracetamol,4809,323,0,0,1963889.34
2026-02-25,Amoxicillin,2227,134,0,0,987844.39
2026-02-25,Insulin,3036,121,0,0,868114.94
2026-02-25,Antibiotics,3611,189,0,0,865563.19
2026-02-25,IV Fluids,4448,340,0,0,1845101.54
2026-02-25,Syringes,3946,205,0,0,338083.19
2026-02-25,Bandages,2168,42,0,0,73119.35
2026-02-25,O2 Cylinders,4154,58,0,0,1605435.87
2026-02-26,Paracetamol,964,49,0,183,416067.63
2026-02-26,Amoxicillin,3814,289,0,0,92004.05
2026-02-26,Insulin,4718,132,0,0,1176520.53
2026-02-26,Antibiotics,2508,205,0,0,546959.44
2026-02-26,IV Fluids,4634,358,0,0,1637960.09
2026-02-26,Syringes,1496,54,0,0,637906.93
2026-02-26,Bandages,1823,158,0,0,77416.69
2026-02-26,O2 Cylinders,3953,151,0,0,662739.74
2026-02-27,Paracetamol,109,1,0,0,30857.46
2026-02-27,Amoxicillin,3363,87,0,0,819467.12
2026-02-27,Insulin,491,43,0,0,8181.12
2026-02-27,Antibiotics,2310,58,0,0,446688.85
2026-02-27,IV Fluids,1985,137,0,0,137711.47
2026-02-27,Syringes,2386,208,0,0,635436.09
2026-02-27,Bandages,911,78,0,0,182636.87
2026-02-27,O2 Cylinders,2411,219,0,0,1153980.4
2026-02-28,Paracetamol,3966,245,0,0,1728689.17
2026-02-28,Amoxicillin,2565,200,0,0,589402.51
2026-02-28,Insulin,4848,165,284,0,2405036.78
2026-02-28,Antibiotics,3551,308,0,0,789829.88
2026-02-28,IV Fluids,1642,35,0,0,124618.62
2026-02-28,Syringes,2041,146,0,0,721286.03
2026-02-28,Bandages,3955,114,0,653,30199.86
2026-02-28,O2 Cylinders,2298,100,0,0,917367.68
2026-03-01,Paracetamol,4133,285,0,0,1814351.8
2026-03-01,Amoxicillin,1894,91,0,0,273497.25
2026-03-01,Insulin,662,28,0,0,310826.72
2026-03-01,Antibiotics,1299,23,0,0,76798.49
2026-03-01,IV Fluids,413,16,0,0,96622.04
2026-03-01,Syringes,4022,274,0,0,1383093.45
2026-03-01,Bandages,1724,103,0,0,565131.82
2026-03-01,O2 Cylinders,598,8,44,0,279658.93
2026-03-02,Paracetamol,2447,83,0,0,605300.06
2026-03-02,Amoxicillin,3932,365,0,0,1242238.26
2026-03-02,Insulin,574,52,0,0,220553.54
2026-03-02,Antibiotics,1123,95,0,0,241645.08
2026-03-02,IV Fluids,2677,66,0,0,747604.65
2026-03-02,Syringes,3514,120,0,0,216787.25
2026-03-02,Bandages,2647,82,0,0,1082414.19
2026-03-02,O2 Cylinders,997,41,0,0,139345.04
2026-03-03,Paracetamol,2406,100,0,0,1058961.34
2026-03-03,Amoxicillin,3128,265,0,0,111863.78
2026-03-03,Insulin,3649,327,0,0,614331.46
2026-03-03,Antibiotics,2160,39,0,0,617217.17
2026-03-03,IV Fluids,1774,118,0,0,17188.25
2026-03-03,Syringes,2817,188,0,0,975937.48
2026-03-03,Bandages,630,12,0,0,110962.12
2026-03-03,O2 Cylinders,4618,99,0,0,1456064.74
2026-03-04,Paracetamol,4230,171,0,0,209071.29
2026-03-04,Amoxicillin,1041,55,0,0,496255.07
2026-03-04,Insulin,1310,26,0,0,598348.96
2026-03-04,Antibiotics,4614,222,0,0,1648130.37
2026-03-04,IV Fluids,2101,150,0,0,854589.5
2026-03-04,Syringes,1210,61,0,0,23483.03
2026-03-04,Bandages,1666,33,0,0,208437.57
2026-03-04,O2 Cylinders,4458,127,0,465,410733.79
2026-03-05,Paracetamol,4238,55,0,0,98579.71
2026-03-05,Amoxicillin,3763,213,0,0,294215.24
2026-03-05,Insulin,853,34,0,0,401335.82
2026-03-05,Antibiotics,1549,16,0,0,736837.89
2026-03-05,IV Fluids,2807,224,0,0,740573.08
2026-03-05,Syringes,199,11,0,0,92481.78
2026-03-05,Bandages,892,60,0,0,16880.04
2026-03-05,O2 Cylinders,4877,153,0,0,86317.54
2026-03-06,Paracetamol,3244,66,0,0,100613.46
2026-03-06,Amoxicillin,3714,88,0,0,1351487.05
2026-03-06,Insulin,616,44,0,0,98921.39
2026-03-06,Antibiotics,3758,218,0,0,1180795.08
2026-03-06,IV Fluids,2033,128,0,0,640984.22
2026-03-06,Syringes,4100,401,0,0,1909515.32
2026-03-06,Bandages,4942,275,0,0,2408576.24
2026-03-06,O2 Cylinders,4090,84,0,0,1310225.11
2026-03-07,Paracetamol,4989,217,0,0,1834784.95
2026-03-07,Amoxicillin,126,7,0,0,16551.86
2026-03-07,Insulin,1104,55,0,0,526116.52
2026-03-07,Antibiotics,687,18,0,0,69977.92
2026-03-07,IV Fluids,1258,64,0,0,49443.86
2026-03-07,Syringes,3821,46,0,0,1226125.46
2026-03-07,Bandages,132,12,0,0,4016.14
2026-03-07,O2 Cylinders,741,63,0,0,6003.7
2026-03-08,Paracetamol,1882,179,0,0,609398.98
2026-03-08,Amoxicillin,144,11,0,0,11474.9
2026-03-08,Insulin,4590,172,0,0,779316.36
2026-03-08,Antibiotics,4262,210,0,0,2096461.27
2026-03-08,IV Fluids,3657,121,0,0,1523460.09
2026-03-08,Syringes,2241,63,0,172,1091647.33
2026-03-08,Bandages,524,32,31,0,69396.82
2026-03-08,O2 Cylinders,1460,66,0,0,594031.02
2026-03-09,Paracetamol,3748,267,131,0,1557893.21
2026-03-09,Amoxicillin,1788,75,0,0,103703.47
2026-03-09,Insulin,720,25,0,77,337406.75
2026-03-09,Antibiotics,2350,23,0,0,756340.96
2026-03-09,IV Fluids,851,62,0,0,184401.18
2026-03-09,Syringes,3784,230,0,152,1331779.03
2026-03-09,Bandages,719,16,0,0,151945.93
2026-03-09,O2 Cylinders,4971,287,0,0,1534501.89
2026-03-10,Paracetamol,2835,33,0,0,561429.11
2026-03-10,Amoxicillin,3645,354,0,0,291381.98
2026-03-10,Insulin,288,8,0,0,45225.45
2026-03-10,Antibiotics,4623,118,0,0,910282.08
2026-03-10,IV Fluids,111,3,0,0,4496.14
2026-03-10,Syringes,1179,68,91,0,78339.23
2026-03-10,Bandages,144,14,0,0,4509.82
2026-03-10,O2 Cylinders,2226,84,0,199,483381.97
2026-03-11,Paracetamol,4443,147,0,0,782227.75
2026-03-11,Amoxicillin,1200,76,0,0,20326.96
2026-03-11,Insulin,2120,55,0,21,360842.8
2026-03-11,Antibiotics,4992,119,324,0,917386.19
2026-03-11,IV Fluids,2990,219,0,0,1476626.92
2026-03-11,Syringes,3400,286,0,69,1101509.37
2026-03-11,Bandages,482,11,0,0,199607.91
2026-03-11,O2 Cylinders,3836,110,290,0,640690.07
2026-03-12,Paracetamol,2148,159,0,0,397204.95
2026-03-12,Amoxicillin,908,16,0,0,15186.99
2026-03-12,Insulin,2716,27,0,325,1099076.92
2026-03-12,Antibiotics,3153,99,0,0,1332675.23
2026-03-12,IV Fluids,671,51,0,101,318928.9
2026-03-12,Syringes,2378,54,0,0,875698.13
2026-03-12,Bandages,4066,57,0,0,290584.21
2026-03-12,O2 Cylinders,3807,169,0,0,1672453.82
2026-03-13,Paracetamol,897,71,0,0,256686.11
2026-03-13,Amoxicillin,4481,438,0,0,1611105.58
2026-03-13,Insulin,1172,99,0,0,569840.47
2026-03-13,Antibiotics,187,17,0,0,71434.09
2026-03-13,IV Fluids,4589,184,0,0,43367.59
2026-03-13,Syringes,4275,391,0,0,1124097.17
2026-03-13,Bandages,231,14,0,0,112001.48
2026-03-13,O2 Cylinders,1312,55,14,0,562091.65
2026-03-14,Paracetamol,3552,121,0,0,1173376.05
2026-03-14,Amoxicillin,2227,127,0,0,1066910.83
2026-03-14,Insulin,4277,309,0,0,1071565.53
2026-03-14,Antibiotics,4604,233,0,0,766053.03
2026-03-14,IV Fluids,3083,176,0,112,315492.71
2026-03-14,Syringes,3881,210,0,0,772700.3
2026-03-14,Bandages,962,40,0,0,165033.28
2026-03-14,O2 Cylinders,3363,266,0,0,30350.58
2026-03-15,Paracetamol,4990,334,0,0,1775234.29
2026-03-15,Amoxicillin,1211,93,0,0,374524.86
2026-03-15,Insulin,471,25,0,0,70742.73
2026-03-15,Antibiotics,3790,70,0,0,841837.76
2026-03-15,IV Fluids,722,49,0,0,205745.26
2026-03-15,Syringes,47,3,0,0,9442.64
2026-03-15,Bandages,2462,202,0,0,45632.05
2026-03-15,O2 Cylinders,247,18,0,0,23234.24
2026-03-16,Paracetamol,3853,177,0,0,406603.83
2026-03-16,Amoxicillin,4863,174,411,0,127434.38
2026-03-16,Insulin,1701,26,0,330,560141.14
2026-03-16,Antibiotics,4854,60,0,129,2199232.36
2026-03-16,IV Fluids,1353,34,0,0,276950.71
2026-03-16,Syringes,2733,221,0,0,1060406.33
2026-03-16,Bandages,1792,70,0,0,146855.21
2026-03-16,O2 Cylinders,3304,174,0,0,907447.47
2026-03-17,Paracetamol,648,18,0,0,36389.42
2026-03-17,Amoxicillin,1476,30,0,0,486978.57
2026-03-17,Insulin,3045,121,0,507,371668.76
2026-03-17,Antibiotics,4378,150,0,526,2085877.21
2026-03-17,IV Fluids,3665,223,0,0,230691.91
2026-03-17,Syringes,1017,23,0,4,100965.91
2026-03-17,Bandages,2502,166,0,0,431749.7
2026-03-17,O2 Cylinders,2255,69,0,151,378239.32
2026-03-18,Paracetamol,1264,73,0,0,627899.29
2026-03-18,Amoxicillin,2354,208,0,0,871227.62
2026-03-18,Insulin,4559,184,0,0,1067981.0
2026-03-18,Antibiotics,3773,325,0,0,1458788.63
2026-03-18,IV Fluids,318,17,0,0,117610.07
2026-03-18,Syringes,3316,215,0,0,1640215.46
2026-03-18,Bandages,4904,135,0,0,680367.35
2026-03-18,O2 Cylinders,3325,162,0,0,1122639.83
2026-03-19,Paracetamol,2551,76,0,0,222603.36
2026-03-19,Amoxicillin,695,30,0,0,131836.38
2026-03-19,Insulin,2927,66,0,0,1343833.27
2026-03-19,Antibiotics,2892,203,0,0,179303.91
2026-03-19,IV Fluids,1794,40,0,0,591823.96
2026-03-19,Syringes,1766,163,0,0,157597.85
2026-03-19,Bandages,3381,148,0,0,351550.97
2026-03-19,O2 Cylinders,2971,133,0,0,1188342.49
2026-03-20,Paracetamol,4783,163,0,0,1830451.72
2026-03-20,Amoxicillin,4924,60,0,0,2224788.87
2026-03-20,Insulin,4012,309,0,0,402983.1
2026-03-20,Antibiotics,3160,41,0,0,1543087.05
2026-03-20,IV Fluids,1003,32,0,0,59247.04
2026-03-20,Syringes,2597,224,0,244,737477.87
2026-03-20,Bandages,348,16,0,0,11011.31
2026-03-20,O2 Cylinders,804,65,0,0,80754.61
2026-03-21,Paracetamol,875,34,0,0,198554.01
2026-03-21,Amoxicillin,2649,141,0,0,902956.19
2026-03-21,Insulin,2405,138,0,0,827562.43
2026-03-21,Antibiotics,2105,106,0,0,50270.4
2026-03-21,IV Fluids,1362,36,0,0,435792.65
2026-03-21,Syringes,3786,244,0,0,113063.9
2026-03-21,Bandages,2725,130,0,0,605767.13
2026-03-21,O2 Cylinders,2547,175,176,44,127371.82
2026-03-22,Paracetamol,751,43,0,145,104991.5
2026-03-22,Amoxicillin,452,36,0,0,114691.24
2026-03-22,Insulin,1830,170,0,0,507624.0
2026-03-22,Antibiotics,3284,203,0,0,973580.26
2026-03-22,IV Fluids,4204,193,0,0,552640.14
2026-03-22,Syringes,3757,169,0,0,326691.13
2026-03-22,Bandages,2950,84,0,0,316332.44
2026-03-22,O2 Cylinders,388,10,0,0,118218.38
2026-03-23,Paracetamol,657,63,0,0,45469.53
2026-03-23,Amoxicillin,482,6,0,0,236075.58
2026-03-23,Insulin,1890,43,0,279,714835.98
2026-03-23,Antibiotics,1506,125,0,0,92646.69
2026-03-23,IV Fluids,4712,247,0,0,203842.09
2026-03-23,Syringes,3356,216,0,0,872598.54
2026-03-23,Bandages,1020,99,0,0,394921.77
2026-03-23,O2 Cylinders,1767,95,0,0,77890.14
2026-03-24,Paracetamol,2624,218,0,0,630587.1
2026-03-24,Amoxicillin,3148,145,0,0,1026308.77
2026-03-24,Insulin,475,35,0,0,151067.25
2026-03-24,Antibiotics,2004,111,0,0,50537.91
2026-03-24,IV Fluids,3210,295,0,0,497717.09
2026-03-24,Syringes,1577,136,0,0,483241.91
2026-03-24,Bandages,1640,76,0,0,449782.58
2026-03-24,O2 Cylinders,1856,66,0,0,246561.46
2026-03-25,Paracetamol,536,39,0,0,178565.63
2026-03-25,Amoxicillin,1106,68,0,0,355911.09
2026-03-25,Insulin,2943,156,0,0,271490.77
2026-03-25,Antibiotics,12,0,0,0,237.98
2026-03-25,IV Fluids,225,5,0,0,86435.68
2026-03-25,Syringes,3037,51,0,187,1115268.81
2026-03-25,Bandages,1909,82,109,0,392945.41
2026-03-25,O2 Cylinders,2358,42,0,0,393901.13
2026-03-26,Paracetamol,1506,88,0,0,172045.92
2026-03-26,Amoxicillin,4069,65,0,0,1373794.15
2026-03-26,Insulin,4506,419,0,0,121067.98
2026-03-26,Antibiotics,3389,133,0,0,648193.29
2026-03-26,IV Fluids,2694,50,0,0,1311722.51
2026-03-26,Syringes,4796,357,0,0,2332089.13
2026-03-26,Bandages,2741,146,0,0,1274480.6
2026-03-26,O2 Cylinders,4321,104,0,0,946619.01
2026-03-27,Paracetamol,4714,466,0,0,1635060.71
2026-03-27,Amoxicillin,1700,57,0,0,540176.53
2026-03-27,Insulin,4856,389,0,0,1008501.0
2026-03-27,Antibiotics,2389,88,0,0,1167099.21
2026-03-27,IV Fluids,4709,392,0,0,1067138.4
2026-03-27,Syringes,4695,311,420,0,375737.37
2026-03-27,Bandages,4977,387,0,0,1874159.78
2026-03-27,O2 Cylinders,3076,248,0,0,227376.41
2026-03-28,Paracetamol,3113,225,0,0,1190065.8
2026-03-28,Amoxicillin,1248,50,0,0,311432.03
2026-03-28,Insulin,3388,205,0,0,395569.92
2026-03-28,Antibiotics,4540,83,0,0,370349.96
2026-03-28,IV Fluids,866,33,0,0,158602.52
2026-03-28,Syringes,2292,218,0,0,376339.17
2026-03-28,Bandages,3928,307,0,0,1375278.77
2026-03-28,O2 Cylinders,659,30,0,0,213169.08
2026-03-29,Paracetamol,3393,233,0,0,313018.81
2026-03-29,Amoxicillin,3684,163,0,0,405607.12
2026-03-29,Insulin,2443,102,26,0,999303.13
2026-03-29,Antibiotics,4582,366,0,0,2261357.57
2026-03-29,IV Fluids,4148,357,0,0,1616788.93
2026-03-29,Syringes,2891,77,27,507,784310.13
2026-03-29,Bandages,1943,49,0,0,803287.63
2026-03-29,O2 Cylinders,4138,382,0,555,1249541.02
2026-03-30,Paracetamol,2001,170,0,0,905032.25
2026-03-30,Amoxicillin,2667,113,0,0,88804.72
2026-03-30,Insulin,529,8,0,0,231485.83
2026-03-30,Antibiotics,2160,23,0,0,991352.55
2026-03-30,IV Fluids,3470,232,0,0,216322.49
2026-03-30,Syringes,3384,211,0,0,294952.59
2026-03-30,Bandages,1504,44,0,0,356592.12
2026-03-30,O2 Cylinders,1987,182,0,0,253268.17
2026-03-31,Paracetamol,2982,230,0,0,44951.91
2026-03-31,Amoxicillin,2123,199,0,0,904288.53
2026-03-31,Insulin,149,11,0,0,45495.58
2026-03-31,Antibiotics,3005,256,0,0,544669.42
2026-03-31,IV Fluids,3109,180,0,0,278619.51
2026-03-31,Syringes,4909,480,0,0,1227336.85
2026-03-31,Bandages,1905,159,0,0,267513.01
2026-03-31,O2 Cylinders,1112,18,0,0,274973.53
2026-04-01,Paracetamol,2028,55,0,0,507590.27
2026-04-01,Amoxicillin,2498,38,0,0,1087673.88
2026-04-01,Insulin,3116,54,0,0,226564.66
2026-04-01,Antibiotics,323,3,0,0,121503.66
2026-04-01,IV Fluids,1180,13,0,0,572881.59
2026-04-01,Syringes,1709,78,0,0,588793.22
2026-04-01,Bandages,163,14,0,0,49737.48
2026-04-01,O2 Cylinders,2343,224,0,0,700176.16
2026-04-02,Paracetamol,1952,179,0,0,627846.94
2026-04-02,Amoxicillin,3105,230,0,518,49845.32
2026-04-02,Insulin,2708,142,0,46,591567.61
2026-04-02,Antibiotics,1494,25,0,0,238375.56
2026-04-02,IV Fluids,4591,308,60,0,1934195.23
2026-04-02,Syringes,4261,338,0,0,865994.35
2026-04-02,Bandages,649,61,0,0,229555.84
2026-04-02,O2 Cylinders,3785,111,0,0,775885.82
2026-04-03,Paracetamol,951,11,0,0,80859.49
2026-04-03,Amoxicillin,3262,33,0,0,380770.76
2026-04-03,Insulin,3257,270,0,0,198537.62
2026-04-03,Antibiotics,2942,43,0,0,1312839.16
2026-04-03,IV Fluids,4435,357,0,0,2195818.36
2026-04-03,Syringes,4433,421,0,0,2154046.55
2026-04-03,Bandages,2102,165,0,0,287173.32
2026-04-03,O2 Cylinders,1342,118,0,0,425919.5
2026-04-04,Paracetamol,3753,106,0,31,28115.0
2026-04-04,Amoxicillin,1336,96,0,0,250284.23
2026-04-04,Insulin,444,4,0,0,192414.9
2026-04-04,Antibiotics,3322,138,0,0,1097797.73
2026-04-04,IV Fluids,110,8,0,0,52059.97
2026-04-04,Syringes,3903,101,0,635,452169.93
2026-04-04,Bandages,373,13,0,0,78554.08
2026-04-04,O2 Cylinders,4983,150,388,0,2340054.1
2026-04-05,Paracetamol,2163,71,0,0,196617.87
2026-04-05,Amoxicillin,2188,57,0,0,408883.26
2026-04-05,Insulin,298,29,0,0,133171.26
2026-04-05,Antibiotics,2864,143,0,0,1418035.34
2026-04-05,IV Fluids,4341,275,0,0,1805483.03
2026-04-05,Syringes,4411,346,0,0,304406.65
2026-04-05,Bandages,622,25,0,0,220277.24
2026-04-05,O2 Cylinders,3345,330,0,0,774955.98
2026-04-06,Paracetamol,1675,50,87,0,381760.79
2026-04-06,Amoxicillin,289,28,0,0,8923.68
2026-04-06,Insulin,1781,112,0,0,497029.04
2026-04-06,Antibiotics,74,4,0,0,34608.98
2026-04-06,IV Fluids,1350,63,0,78,489763.15
2026-04-06,Syringes,3668,218,0,0,45580.01
2026-04-06,Bandages,408,34,0,0,70812.04
2026-04-06,O2 Cylinders,1837,126,0,0,338131.15
2026-04-07,Paracetamol,4485,165,38,0,454185.3
2026-04-07,Amoxicillin,899,65,0,0,378360.38
2026-04-07,Insulin,3228,287,0,272,528150.54
2026-04-07,Antibiotics,4662,222,0,0,2289430.09
2026-04-07,IV Fluids,1666,84,0,0,423572.84
2026-04-07,Syringes,694,49,0,25,300277.25
2026-04-07,Bandages,1930,22,0,0,371749.05
2026-04-07,O2 Cylinders,3993,361,0,0,1722119.59
2026-04-08,Paracetamol,1620,27,0,0,598336.33
2026-04-08,Amoxicillin,1870,161,0,0,161395.43
2026-04-08,Insulin,761,56,0,0,133484.6
2026-04-08,Antibiotics,3897,277,0,0,729717.18
2026-04-08,IV Fluids,1302,47,0,0,60520.68
2026-04-08,Syringes,577,11,0,0,239579.71
2026-04-08,Bandages,3999,133,0,0,532097.51
2026-04-08,O2 Cylinders,537,50,0,0,49118.39
2026-04-09,Paracetamol,2175,26,0,0,55554.06
2026-04-09,Amoxicillin,4946,154,0,0,1284158.32
2026-04-09,Insulin,4182,68,0,0,1772964.7
2026-04-09,Antibiotics,2995,151,0,203,901145.54
2026-04-09,IV Fluids,4389,343,0,0,1854613.82
2026-04-09,Syringes,2796,93,0,0,568520.64
2026-04-09,Bandages,4551,290,0,0,1061037.26
2026-04-09,O2 Cylinders,2851,176,0,0,33715.65
2026-04-10,Paracetamol,1408,120,0,0,124353.89
2026-04-10,Amoxicillin,116,3,0,0,41440.84
2026-04-10,Insulin,4764,129,0,0,1252372.36
2026-04-10,Antibiotics,3990,161,0,0,1509820.9
2026-04-10,IV Fluids,1503,47,0,0,82603.07
2026-04-10,Syringes,3807,134,0,369,1650157.59
2026-04-10,Bandages,3099,89,0,0,1045468.29
2026-04-10,O2 Cylinders,4598,95,0,0,881203.37
2026-04-11,Paracetamol,3065,110,0,0,1379250.04
2026-04-11,Amoxicillin,3424,72,0,0,877422.06
2026-04-11,Insulin,973,27,0,0,157247.16
2026-04-11,Antibiotics,2168,35,0,0,348484.59
2026-04-11,IV Fluids,4527,367,0,0,2117399.56
2026-04-11,Syringes,175,12,0,0,34091.47
2026-04-11,Bandages,3617,357,0,15,79615.52
2026-04-11,O2 Cylinders,3308,315,0,0,333137.44
2026-04-12,Paracetamol,2085,177,0,0,965268.93
2026-04-12,Amoxicillin,1822,173,0,0,754188.39
2026-04-12,Insulin,3227,110,0,0,1322107.6
2026-04-12,Antibiotics,1979,122,0,0,127254.96
2026-04-12,IV Fluids,2654,164,0,0,1110211.79
2026-04-12,Syringes,3838,314,0,0,1260942.64
2026-04-12,Bandages,45,3,0,0,17223.67
2026-04-12,O2 Cylinders,2278,34,0,0,1133848.12
2026-04-13,Paracetamol,1079,12,0,0,415382.47
2026-04-13,Amoxicillin,541,7,0,0,156384.35
2026-04-13,Insulin,1273,123,0,0,182852.45
2026-04-13,Antibiotics,3977,211,0,0,1510792.01
2026-04-13,IV Fluids,3106,172,0,0,1220143.53
2026-04-13,Syringes,1576,105,0,0,640502.2
2026-04-13,Bandages,3979,55,0,0,557395.63
2026-04-13,O2 Cylinders,2211,80,0,0,674177.36
2026-04-14,Paracetamol,3148,166,0,0,623378.02
2026-04-14,Amoxicillin,1106,13,0,0,431249.68
2026-04-14,Insulin,3900,276,0,0,272600.38
2026-04-14,Antibiotics,3386,229,0,370,319624.29
2026-04-14,IV Fluids,91,4,0,0,35071.11
2026-04-14,Syringes,4442,145,364,0,1901665.76
2026-04-14,Bandages,1523,151,0,253,30428.81
2026-04-14,O2 Cylinders,2160,116,0,0,611907.48
2026-04-15,Paracetamol,2324,160,0,0,185256.76
2026-04-15,Amoxicillin,759,26,0,0,157337.03
2026-04-15,Insulin,773,44,0,0,172928.57
2026-04-15,Antibiotics,262,6,0,0,96102.66
2026-04-15,IV Fluids,2271,86,0,0,903471.51
2026-04-15,Syringes,2993,171,0,0,25878.97
2026-04-15,Bandages,2993,44,0,0,1341644.2
2026-04-15,O2 Cylinders,2861,78,0,0,490507.17
2026-04-16,Paracetamol,3742,51,0,0,1180884.64
2026-04-16,Amoxicillin,1519,84,0,146,56604.58
2026-04-16,Insulin,2861,174,0,0,1120745.49
2026-04-16,Antibiotics,2421,66,0,0,343118.97
2026-04-16,IV Fluids,3178,218,0,0,282386.37
2026-04-16,Syringes,3821,270,0,0,1601865.7
2026-04-16,Bandages,2918,177,0,0,502749.97
2026-04-16,O2 Cylinders,1723,49,110,0,663817.87
2026-04-17,Paracetamol,1361,76,0,0,353203.96
2026-04-17,Amoxicillin,3772,373,0,0,1633630.24
2026-04-17,Insulin,1566,147,0,0,726446.0
2026-04-17,Antibiotics,69,2,0,0,25864.38
2026-04-17,IV Fluids,2288,59,0,0,693154.63
2026-04-17,Syringes,2764,135,0,0,15371.4
2026-04-17,Bandages,2341,172,0,395,766505.89
2026-04-17,O2 Cylinders,1288,15,0,0,285851.68
2026-04-18,Paracetamol,2039,59,0,0,795843.19
2026-04-18,Amoxicillin,3866,148,0,303,1817473.18
2026-04-18,Insulin,1610,149,0,0,225406.53
2026-04-18,Antibiotics,1616,103,0,0,554603.71
2026-04-18,IV Fluids,3514,164,0,0,608687.48
2026-04-18,Syringes,2104,145,0,0,1005100.06
2026-04-18,Bandages,851,59,0,125,268028.14
2026-04-18,O2 Cylinders,3839,163,0,0,64172.53
2026-04-19,Paracetamol,795,71,0,0,255500.49
2026-04-19,Amoxicillin,2612,221,0,0,708320.19
2026-04-19,Insulin,2663,110,0,0,259808.02
2026-04-19,Antibiotics,3646,217,0,0,1259714.31
2026-04-19,IV Fluids,3814,295,0,0,1194412.61
2026-04-19,Syringes,3832,264,0,0,1715006.48
2026-04-19,Bandages,3823,313,0,0,76840.97
2026-04-19,O2 Cylinders,2926,77,0,0,32721.26
2026-04-20,Paracetamol,4117,225,0,0,1165787.67
2026-04-20,Amoxicillin,3081,103,0,0,1030525.17
2026-04-20,Insulin,3811,189,0,0,1840509.43
2026-04-20,Antibiotics,1416,40,0,0,337748.03
2026-04-20,IV Fluids,2998,141,0,0,256952.52
2026-04-20,Syringes,120,10,0,0,54464.54
2026-04-20,Bandages,1368,104,0,0,44022.69
2026-04-20,O2 Cylinders,2167,73,0,0,657278.8
2026-04-21,Paracetamol,1739,172,0,0,750683.09
2026-04-21,Amoxicillin,2245,105,0,0,821625.66
2026-04-21,Insulin,4795,328,0,0,37268.79
2026-04-21,Antibiotics,3737,223,0,0,1732783.96
2026-04-21,IV Fluids,1833,104,0,0,768271.63
2026-04-21,Syringes,4889,294,0,0,2158608.23
2026-04-21,Bandages,444,18,0,0,52811.33
2026-04-21,O2 Cylinders,964,33,0,0,162046.81
2026-04-22,Paracetamol,529,26,0,0,230210.5
2026-04-22,Amoxicillin,1089,49,0,0,14876.94
2026-04-22,Insulin,555,50,0,0,275455.82
2026-04-22,Antibiotics,4030,79,0,0,1602985.71
2026-04-22,IV Fluids,2876,267,0,0,942490.64
2026-04-22,Syringes,3770,74,0,0,1611555.4
2026-04-22,Bandages,4288,239,0,0,914247.39
2026-04-22,O2 Cylinders,2174,184,0,0,826117.4
2026-04-23,Paracetamol,4947,315,0,0,446994.21
2026-04-23,Amoxicillin,230,6,0,0,19495.1
2026-04-23,Insulin,45,0,0,0,4006.91
2026-04-23,Antibiotics,2623,69,0,0,713754.97
2026-04-23,IV Fluids,3155,175,0,0,977462.97
2026-04-23,Syringes,3235,203,0,0,951950.16
2026-04-23,Bandages,4054,353,0,0,961733.53
2026-04-23,O2 Cylinders,4630,399,0,0,1255252.79
2026-04-24,Paracetamol,4632,322,0,0,1961322.46
2026-04-24,Amoxicillin,4068,266,0,0,2014357.27
2026-04-24,Insulin,2027,140,0,0,398017.93
2026-04-24,Antibiotics,1448,135,0,0,287095.75
2026-04-24,IV Fluids,2629,99,0,0,1255989.75
2026-04-24,Syringes,1927,181,142,0,804666.68
2026-04-24,Bandages,2856,252,0,0,1182667.85
2026-04-24,O2 Cylinders,941,71,0,0,261720.24
2026-04-25,Paracetamol,4403,248,0,0,888916.27
2026-04-25,Amoxicillin,538,40,0,0,129876.53
2026-04-25,Insulin,4429,363,0,0,310836.98
2026-04-25,Antibiotics,1272,74,0,0,198695.46
2026-04-25,IV Fluids,3780,89,0,0,367053.2
2026-04-25,Syringes,4241,282,0,0,2100295.37
2026-04-25,Bandages,4846,407,0,0,128886.77
2026-04-25,O2 Cylinders,2797,175,0,0,1108047.81
2026-04-26,Paracetamol,3612,323,0,0,736833.32
2026-04-26,Amoxicillin,3159,261,0,0,181385.84
2026-04-26,Insulin,3362,130,0,0,56097.15
2026-04-26,Antibiotics,3925,68,0,0,171601.77
2026-04-26,IV Fluids,4104,67,391,0,989562.69
2026-04-26,Syringes,4021,98,0,0,105621.44
2026-04-26,Bandages,4697,399,0,0,1405038.64
2026-04-26,O2 Cylinders,667,23,0,0,148297.34
2026-04-27,Paracetamol,2004,185,0,0,321794.63
2026-04-27,Amoxicillin,2187,107,215,0,611339.81
2026-04-27,Insulin,1480,104,2,0,447478.02
2026-04-27,Antibiotics,441,15,0,0,95318.35
2026-04-27,IV Fluids,3830,341,286,0,1515223.49
2026-04-27,Syringes,1842,121,0,0,131352.89
2026-04-27,Bandages,2013,116,0,0,406617.13
2026-04-27,O2 Cylinders,1691,138,0,200,525293.41
2026-04-28,Paracetamol,2689,104,0,0,707153.81
2026-04-28,Amoxicillin,3749,153,0,0,592159.54
2026-04-28,Insulin,3281,90,0,0,164107.28
2026-04-28,Antibiotics,3681,116,227,0,1759100.16
2026-04-28,IV Fluids,3843,111,0,0,380499.13
2026-04-28,Syringes,4617,423,0,0,1072692.69
2026-04-28,Bandages,2036,179,0,0,407683.91
2026-04-28,O2 Cylinders,4447,66,0,0,1695975.72
2026-04-29,Paracetamol,335,7,0,0,40081.74
2026-04-29,Amoxicillin,1478,28,0,0,457360.38
2026-04-29,Insulin,298,24,0,0,19687.53
2026-04-29,Antibiotics,2156,107,0,0,75586.29
2026-04-29,IV Fluids,3582,351,0,0,1196789.67
2026-04-29,Syringes,1674,106,0,0,188972.88
2026-04-29,Bandages,2671,97,0,0,537934.92
2026-04-29,O2 Cylinders,2844,46,0,0,203437.67
2026-04-30,Paracetamol,4518,111,0,0,881988.75
2026-04-30,Amoxicillin,2917,169,0,0,816639.07
2026-04-30,Insulin,1899,66,0,0,614650.1
2026-04-30,Antibiotics,765,65,0,0,142266.02
2026-04-30,IV Fluids,1028,13,0,0,28419.19
2026-04-30,Syringes,4172,58,0,0,217490.98
2026-04-30,Bandages,2458,144,0,0,798155.23
2026-04-30,O2 Cylinders,3984,391,0,0,1424496.9
2026-05-01,Paracetamol,4453,53,406,0,482029.8
2026-05-01,Amoxicillin,4116,70,0,0,291067.6
2026-05-01,Insulin,3231,73,0,360,59694.49
2026-05-01,Antibiotics,2165,196,0,0,794710.2
2026-05-01,IV Fluids,16,0,0,0,7907.13
2026-05-01,Syringes,2692,254,0,0,340153.71
2026-05-01,Bandages,16,0,0,0,2949.29
2026-05-01,O2 Cylinders,2685,265,0,0,974712.16
2026-05-02,Paracetamol,534,17,0,0,112512.71
2026-05-02,Amoxicillin,2602,71,0,0,285132.85
2026-05-02,Insulin,357,16,0,0,31260.04
2026-05-02,Antibiotics,3957,280,0,0,675568.23
2026-05-02,IV Fluids,3730,214,0,0,513022.24
2026-05-02,Syringes,2592,39,0,0,473928.88
2026-05-02,Bandages,4891,417,0,0,1844931.91
2026-05-02,O2 Cylinders,2631,133,0,0,1146146.1
2026-05-03,Paracetamol,1306,114,0,0,453625.2
2026-05-03,Amoxicillin,4325,430,161,0,1274437.52
2026-05-03,Insulin,581,35,0,0,263608.46
2026-05-03,Antibiotics,342,18,0,0,108892.52
2026-05-03,IV Fluids,178,6,0,0,9089.34
2026-05-03,Syringes,3049,230,0,0,810660.23
2026-05-03,Bandages,3089,52,0,0,1043575.13
2026-05-03,O2 Cylinders,4734,391,0,0,1995943.31
2026-05-04,Paracetamol,1066,52,0,120,99870.09
2026-05-04,Amoxicillin,2302,50,0,0,241207.76
2026-05-04,Insulin,1528,144,0,0,581069.51
2026-05-04,Antibiotics,4763,262,0,0,2363344.4
2026-05-04,IV Fluids,4568,402,0,0,1241834.64
2026-05-04,Syringes,1074,40,0,0,292656.6
2026-05-04,Bandages,949,75,0,0,293164.36
2026-05-04,O2 Cylinders,608,54,0,0,99709.38
2026-05-05,Paracetamol,2615,214,0,0,844134.98
2026-05-05,Amoxicillin,4214,221,0,0,292435.32
2026-05-05,Insulin,3268,39,193,0,492765.29
2026-05-05,Antibiotics,2825,234,277,0,233617.35
2026-05-05,IV Fluids,1245,50,0,0,28106.91
2026-05-05,Syringes,2686,172,0,0,311153.67
2026-05-05,Bandages,935,31,0,180,97295.53
2026-05-05,O2 Cylinders,3889,288,0,257,828011.9
2026-05-06,Paracetamol,2834,163,0,0,583572.88
2026-05-06,Amoxicillin,3187,217,0,0,1251286.87
2026-05-06,Insulin,66,6,0,0,7302.11
2026-05-06,Antibiotics,1857,148,0,0,260350.81
2026-05-06,IV Fluids,3581,349,0,0,103677.05
2026-05-06,Syringes,3831,270,0,0,568626.03
2026-05-06,Bandages,3344,100,0,0,167737.61
2026-05-06,O2 Cylinders,1917,54,0,0,946184.8
2026-05-07,Paracetamol,140,2,0,0,20800.8
2026-05-07,Amoxicillin,1798,99,0,0,354043.16
2026-05-07,Insulin,1876,154,0,0,699530.07
2026-05-07,Antibiotics,2268,37,0,0,1130591.69
2026-05-07,IV Fluids,1453,103,0,0,107129.13
2026-05-07,Syringes,3687,221,0,371,610753.58
2026-05-07,Bandages,2284,180,0,0,684549.1
2026-05-07,O2 Cylinders,2671,78,0,0,503607.49
2026-05-08,Paracetamol,1510,98,123,251,371917.66
2026-05-08,Amoxicillin,1101,73,0,0,113198.05
2026-05-08,Insulin,3388,220,0,0,1431795.84
2026-05-08,Antibiotics,2806,134,0,0,169774.54
2026-05-08,IV Fluids,383,31,0,0,2873.45
2026-05-08,Syringes,2420,122,0,0,358406.01
2026-05-08,Bandages,2179,108,0,0,213517.37
2026-05-08,O2 Cylinders,966,59,0,89,465503.77
2026-05-09,Paracetamol,4499,399,0,0,1629116.98
2026-05-09,Amoxicillin,3876,283,0,0,1493968.83
2026-05-09,Insulin,1651,119,0,0,781798.24
2026-05-09,Antibiotics,4489,434,0,0,262648.91
2026-05-09,IV Fluids,2624,62,0,0,54201.92
2026-05-09,Syringes,853,80,0,0,246089.19
2026-05-09,Bandages,3705,310,17,0,178869.59
2026-05-09,O2 Cylinders,4362,174,0,0,1805296.39
2026-05-10,Paracetamol,4783,234,0,0,32488.19
2026-05-10,Amoxicillin,2136,189,0,0,788204.82
2026-05-10,Insulin,1416,105,0,0,221476.47
2026-05-10,Antibiotics,3080,43,0,0,1116306.62
2026-05-10,IV Fluids,1480,107,0,0,372081.04
2026-05-10,Syringes,659,60,0,0,48762.16
2026-05-10,Bandages,454,8,0,0,184696.35
2026-05-10,O2 Cylinders,2266,94,0,0,354684.41
2026-05-11,Paracetamol,4293,150,0,0,584268.67
2026-05-11,Amoxicillin,1658,147,0,0,456669.41
2026-05-11,Insulin,549,45,0,0,69896.98
2026-05-11,Antibiotics,806,75,0,0,201348.4
2026-05-11,IV Fluids,592,54,0,0,107494.61
2026-05-11,Syringes,1985,24,0,0,502333.68
2026-05-11,Bandages,1092,49,36,0,82218.58
2026-05-11,O2 Cylinders,46,1,0,0,20910.29
2026-05-12,Paracetamol,3571,217,0,0,1394879.23
2026-05-12,Amoxicillin,492,41,0,0,107905.91
2026-05-12,Insulin,2479,70,0,0,58010.59
2026-05-12,Antibiotics,894,79,0,0,357104.71
2026-05-12,IV Fluids,2830,209,0,0,403282.16
2026-05-12,Syringes,4121,336,0,225,854057.01
2026-05-12,Bandages,4426,314,0,0,1564909.2
2026-05-12,O2 Cylinders,2488,132,0,0,494076.32
2026-05-13,Paracetamol,2600,174,0,0,912627.24
2026-05-13,Amoxicillin,3651,153,0,0,1278676.84
2026-05-13,Insulin,1047,96,0,0,260924.39
2026-05-13,Antibiotics,3203,94,0,0,587396.26
2026-05-13,IV Fluids,1494,84,0,0,531841.38
2026-05-13,Syringes,1231,113,0,0,316507.22
2026-05-13,Bandages,4251,324,0,338,424008.59
2026-05-13,O2 Cylinders,4584,244,0,0,683571.6
2026-05-14,Paracetamol,1364,92,0,0,347469.09
2026-05-14,Amoxicillin,3729,367,0,0,1811089.95
2026-05-14,Insulin,4152,401,0,0,793174.76
2026-05-14,Antibiotics,4019,274,0,711,526380.09
2026-05-14,IV Fluids,4468,78,0,0,437621.43
2026-05-14,Syringes,2701,195,0,0,968060.26
2026-05-14,Bandages,2688,99,0,0,150834.0
2026-05-14,O2 Cylinders,4778,212,0,0,998737.84
2026-05-15,Paracetamol,3014,100,0,0,1148344.72
2026-05-15,Amoxicillin,2298,219,18,0,339981.95
2026-05-15,Insulin,1925,178,0,0,923601.95
2026-05-15,Antibiotics,498,19,0,0,189078.37
2026-05-15,IV Fluids,3975,262,0,0,1278807.71
2026-05-15,Syringes,1997,66,0,0,187682.71
2026-05-15,Bandages,1109,99,0,0,82275.59
2026-05-15,O2 Cylinders,3269,306,0,0,889703.65
2026-05-16,Paracetamol,3256,276,0,0,546389.88
2026-05-16,Amoxicillin,1721,165,0,0,324422.31
2026-05-16,Insulin,3043,86,0,0,1328166.42
2026-05-16,Antibiotics,2695,63,0,0,491479.61
2026-05-16,IV Fluids,1746,41,0,0,731335.88
2026-05-16,Syringes,2909,96,0,0,536311.0
2026-05-16,Bandages,4438,91,0,566,141704.44
2026-05-16,O2 Cylinders,1248,26,0,0,417990.95
2026-05-17,Paracetamol,521,47,43,0,104697.68
2026-05-17,Amoxicillin,4047,55,0,0,1519313.12
2026-05-17,Insulin,1933,131,0,0,777307.46
2026-05-17,Antibiotics,2698,128,0,0,563578.3
2026-05-17,IV Fluids,1886,118,0,0,522887.91
2026-05-17,Syringes,1857,151,0,0,701415.77
2026-05-17,Bandages,467,7,0,0,98241.25
2026-05-17,O2 Cylinders,2644,120,0,0,796578.28
2026-05-18,Paracetamol,3257,209,0,0,965605.39
2026-05-18,Amoxicillin,2392,56,0,190,1153712.25
2026-05-18,Insulin,728,52,0,0,291680.68
2026-05-18,Antibiotics,4760,70,0,0,1369481.76
2026-05-18,IV Fluids,4985,165,0,0,1919166.14
2026-05-18,Syringes,785,53,0,0,219113.25
2026-05-18,Bandages,2529,101,0,0,249829.01
2026-05-18,O2 Cylinders,1041,29,0,0,144366.46
2026-05-19,Paracetamol,2847,256,41,0,396874.52
2026-05-19,Amoxicillin,3988,314,0,0,362775.04
2026-05-19,Insulin,4142,83,0,0,1355232.19
2026-05-19,Antibiotics,2931,283,0,0,718349.07
2026-05-19,IV Fluids,877,76,0,66,335269.26
2026-05-19,Syringes,851,20,0,28,126020.71
2026-05-19,Bandages,3092,68,0,0,445260.28
2026-05-19,O2 Cylinders,3073,61,0,0,666967.26
2026-05-20,Paracetamol,707,61,0,34,212547.17
2026-05-20,Amoxicillin,3353,264,0,0,413479.63
2026-05-20,Insulin,4300,273,0,0,29008.3
2026-05-20,Antibiotics,1957,77,0,0,591899.07
2026-05-20,IV Fluids,1232,61,0,214,346098.83
2026-05-20,Syringes,401,15,0,0,35024.88
2026-05-20,Bandages,1459,117,0,0,68922.95
2026-05-20,O2 Cylinders,40,1,0,0,6220.4
2026-05-21,Paracetamol,4887,65,0,0,204272.0
2026-05-21,Amoxicillin,1760,54,0,0,291724.86
2026-05-21,Insulin,3455,144,208,0,941817.48
2026-05-21,Antibiotics,611,24,0,0,167838.3
2026-05-21,IV Fluids,1287,97,12,0,600281.42
2026-05-21,Syringes,492,6,0,0,35346.26
2026-05-21,Bandages,544,28,0,0,236817.59
2026-05-21,O2 Cylinders,4015,167,0,0,919005.53
2026-05-22,Paracetamol,1441,46,0,0,117093.9
2026-05-22,Amoxicillin,2848,42,0,0,549048.31
2026-05-22,Insulin,3663,51,0,0,1352549.52
2026-05-22,Antibiotics,3306,141,0,0,632301.57
2026-05-22,IV Fluids,3290,68,186,0,1231299.62
2026-05-22,Syringes,4922,273,0,0,1093435.19
2026-05-22,Bandages,4600,186,0,0,1289935.38
2026-05-22,O2 Cylinders,2497,77,0,0,538257.04
2026-05-23,Paracetamol,3521,158,0,0,1619975.79
2026-05-23,Amoxicillin,3542,252,0,0,928489.8
2026-05-23,Insulin,801,42,0,0,379604.44
2026-05-23,Antibiotics,2549,88,0,0,330586.31
2026-05-23,IV Fluids,4869,217,0,0,677604.96
2026-05-23,Syringes,1914,146,0,0,661391.04
2026-05-23,Bandages,1415,133,0,0,537386.75
2026-05-23,O2 Cylinders,1835,86,0,0,897725.22
2026-05-24,Paracetamol,2853,226,0,116,905501.02
2026-05-24,Amoxicillin,738,18,6,0,270224.64
2026-05-24,Insulin,3758,146,0,0,1256237.86
2026-05-24,Antibiotics,2484,142,0,0,486223.84
2026-05-24,IV Fluids,3306,84,0,0,984689.53
2026-05-24,Syringes,3699,313,0,0,761351.67
2026-05-24,Bandages,306,24,0,0,2177.41
2026-05-24,O2 Cylinders,399,12,0,0,58334.95
2026-05-25,Paracetamol,328,4,0,0,32021.27
2026-05-25,Amoxicillin,150,10,0,0,38217.62
2026-05-25,Insulin,3312,225,0,0,1438298.6
2026-05-25,Antibiotics,114,1,0,0,25583.61
2026-05-25,IV Fluids,1498,30,0,251,321699.53
2026-05-25,Syringes,604,29,0,0,291968.27
2026-05-25,Bandages,3678,207,0,0,1289316.43
2026-05-25,O2 Cylinders,165,8,0,0,49594.24
2026-05-26,Paracetamol,1279,65,0,0,337218.99
2026-05-26,Amoxicillin,1722,59,0,0,354793.66
2026-05-26,Insulin,1235,92,0,0,129628.37
2026-05-26,Antibiotics,1116,71,0,0,521322.8
2026-05-26,IV Fluids,4420,261,0,0,1954146.02
2026-05-26,Syringes,1203,96,0,107,143775.56
2026-05-26,Bandages,344,16,23,0,156228.5
2026-05-26,O2 Cylinders,121,5,0,0,35326.73
2026-05-27,Paracetamol,539,35,0,0,152896.06
2026-05-27,Amoxicillin,1378,93,129,0,482704.81
2026-05-27,Insulin,3318,179,0,0,673101.8
2026-05-27,Antibiotics,4653,159,0,0,1690846.02
2026-05-27,IV Fluids,4349,421,0,601,1416717.33
2026-05-27,Syringes,4284,424,204,244,1804944.06
2026-05-27,Bandages,3658,319,0,0,1717964.99
2026-05-27,O2 Cylinders,4761,187,0,0,1211184.81
2026-05-28,Paracetamol,1195,70,0,0,399161.27
2026-05-28,Amoxicillin,3775,54,0,0,733598.23
2026-05-28,Insulin,2186,173,0,0,901825.95
2026-05-28,Antibiotics,21,1,0,0,8480.41
2026-05-28,IV Fluids,3399,98,0,0,1668795.05
2026-05-28,Syringes,1246,51,0,0,57071.67
2026-05-28,Bandages,297,13,0,12,41151.96
2026-05-28,O2 Cylinders,4590,68,0,0,492081.13
2026-05-29,Paracetamol,1347,85,0,0,404693.4
2026-05-29,Amoxicillin,2565,141,0,0,52170.69
2026-05-29,Insulin,2248,45,0,0,932835.52
2026-05-29,Antibiotics,4580,427,0,0,1002721.27
2026-05-29,IV Fluids,1029,24,0,0,413809.85
2026-05-29,Syringes,2129,150,0,0,537885.88
2026-05-29,Bandages,3419,175,250,0,1460809.93
2026-05-29,O2 Cylinders,2113,32,0,0,638883.48
2026-05-30,Paracetamol,4869,347,336,0,1949378.34
2026-05-30,Amoxicillin,906,43,0,0,43930.56
2026-05-30,Insulin,2576,147,0,0,197140.86
2026-05-30,Antibiotics,1698,119,41,0,640617.74
2026-05-30,IV Fluids,3999,367,0,0,1426225.0
2026-05-30,Syringes,2202,86,0,156,830572.65
2026-05-30,Bandages,398,21,0,0,10544.16
2026-05-30,O2 Cylinders,3079,58,0,0,211998.94
2026-05-31,Paracetamol,2216,100,0,0,81358.73
2026-05-31,Amoxicillin,1697,101,0,0,612190.45
2026-05-31,Insulin,785,51,0,0,247488.63
2026-05-31,Antibiotics,1363,106,0,0,57753.26
2026-05-31,IV Fluids,1353,27,0,0,362700.18
2026-05-31,Syringes,1838,158,0,0,441445.2
2026-05-31,Bandages,4156,272,0,0,1791548.7
2026-05-31,O2 Cylinders,4894,285,0,0,1725803.64
2026-06-01,Paracetamol,4390,70,0,0,1301295.34
2026-06-01,Amoxicillin,3193,148,0,0,1250263.09
2026-06-01,Insulin,3063,195,0,0,482087.46
2026-06-01,Antibiotics,4429,63,0,0,1061422.72
2026-06-01,IV Fluids,560,44,0,0,199174.81
2026-06-01,Syringes,1200,71,0,0,217710.54
2026-06-01,Bandages,4931,398,0,0,1489804.93
2026-06-01,O2 Cylinders,3673,257,0,0,835726.57
2026-06-02,Paracetamol,2059,190,0,0,857815.65
2026-06-02,Amoxicillin,1426,17,0,0,699147.19
2026-06-02,Insulin,3109,201,0,0,1097971.05
2026-06-02,Antibiotics,4533,85,0,0,230265.12
2026-06-02,IV Fluids,2938,288,0,0,127095.61
2026-06-02,Syringes,1148,61,0,0,352083.54
2026-06-02,Bandages,3019,248,0,0,369225.56
2026-06-02,O2 Cylinders,1053,57,0,0,366408.19
2026-06-03,Paracetamol,2668,243,0,0,51302.78
2026-06-03,Amoxicillin,794,18,0,0,208850.17
2026-06-03,Insulin,648,23,0,0,203807.8
2026-06-03,Antibiotics,3926,73,0,0,456335.76
2026-06-03,IV Fluids,1970,186,0,0,283944.82
2026-06-03,Syringes,4771,310,0,0,1286219.61
2026-06-03,Bandages,3967,394,0,0,1569698.4
2026-06-03,O2 Cylinders,4700,398,0,0,1173306.88
2026-06-04,Paracetamol,3495,84,0,0,623165.65
2026-06-04,Amoxicillin,2568,40,0,0,656293.04
2026-06-04,Insulin,4519,415,3,195,194287.1
2026-06-04,Antibiotics,3347,265,0,64,1128326.59
2026-06-04,IV Fluids,1994,97,0,0,751675.28
2026-06-04,Syringes,4623,90,0,0,1462104.29
2026-06-04,Bandages,1417,102,80,0,697459.4
2026-06-04,O2 Cylinders,4117,388,0,0,521748.52
2026-06-05,Paracetamol,1056,28,0,0,147228.22
2026-06-05,Amoxicillin,3501,313,0,73,364665.15
2026-06-05,Insulin,3301,222,0,276,91499.37
2026-06-05,Antibiotics,467,19,0,0,188632.21
2026-06-05,IV Fluids,3056,163,0,0,847174.88
2026-06-05,Syringes,3764,73,0,0,1540599.2
2026-06-05,Bandages,1357,15,0,108,610847.06
2026-06-05,O2 Cylinders,2214,102,0,284,863466.59
2026-06-06,Paracetamol,4068,313,0,0,2025725.48
2026-06-06,Amoxicillin,477,7,0,0,232472.3
2026-06-06,Insulin,46,4,0,0,19044.94
2026-06-06,Antibiotics,3956,324,0,0,1753697.27
2026-06-06,IV Fluids,3606,182,0,0,857984.26
2026-06-06,Syringes,3521,167,0,183,1244384.25
2026-06-06,Bandages,391,19,0,0,29888.65
2026-06-06,O2 Cylinders,3043,99,48,0,117165.35
2026-06-07,Paracetamol,4294,108,0,0,1493190.61
2026-06-07,Amoxicillin,2867,161,0,0,935900.41
2026-06-07,Insulin,778,45,0,0,380577.4
2026-06-07,Antibiotics,2312,57,0,0,444500.53
2026-06-07,IV Fluids,1827,109,0,0,457088.32
2026-06-07,Syringes,2424,171,0,0,680696.51
2026-06-07,Bandages,1963,104,0,0,590705.44
2026-06-07,O2 Cylinders,283,26,0,0,9455.47
2026-06-08,Paracetamol,2340,231,106,0,547649.48
2026-06-08,Amoxicillin,2039,31,0,0,494291.01
2026-06-08,Insulin,3872,182,0,526,1712234.87
2026-06-08,Antibiotics,4318,163,0,0,1881096.74
2026-06-08,IV Fluids,57,2,0,0,9662.08
2026-06-08,Syringes,2306,189,0,0,893228.61
2026-06-08,Bandages,888,12,0,0,49873.59
2026-06-08,O2 Cylinders,942,67,0,0,461824.31
2026-06-09,Paracetamol,2021,25,0,0,301756.03
2026-06-09,Amoxicillin,1870,58,0,297,330063.04
2026-06-09,Insulin,2845,79,0,0,655082.72
2026-06-09,Antibiotics,4697,297,0,0,335700.64
2026-06-09,IV Fluids,4393,368,0,0,349107.33
2026-06-09,Syringes,2390,54,0,0,1191246.16
2026-06-09,Bandages,2328,176,192,0,791570.49
2026-06-09,O2 Cylinders,1182,104,79,151,263461.29
2026-06-10,Paracetamol,544,20,0,0,21146.85
2026-06-10,Amoxicillin,4640,424,0,0,1126799.07
2026-06-10,Insulin,654,54,0,0,8377.78
2026-06-10,Antibiotics,3304,284,0,0,665001.03
2026-06-10,IV Fluids,524,30,0,0,220895.2
2026-06-10,Syringes,2109,72,0,0,344808.09
2026-06-10,Bandages,2876,225,0,0,1328928.9
2026-06-10,O2 Cylinders,809,57,0,0,357871.7
2026-06-11,Paracetamol,784,72,0,0,251225.42
2026-06-11,Amoxicillin,2799,181,0,264,340192.17
2026-06-11,Insulin,2319,32,0,0,933135.83
2026-06-11,Antibiotics,1273,23,0,168,223922.8
2026-06-11,IV Fluids,4809,413,0,0,1259576.34
2026-06-11,Syringes,4676,426,0,0,1043929.13
2026-06-11,Bandages,1676,110,0,263,11792.85
2026-06-11,O2 Cylinders,1834,84,0,0,668356.07
2026-06-12,Paracetamol,3073,95,0,402,654943.88
2026-06-12,Amoxicillin,1747,43,0,0,93341.52
2026-06-12,Insulin,3935,184,0,0,1614500.95
2026-06-12,Antibiotics,1049,55,0,0,405406.79
2026-06-12,IV Fluids,4088,258,90,0,34514.61
2026-06-12,Syringes,405,30,0,0,180648.84
2026-06-12,Bandages,2814,157,0,0,1092395.9
2026-06-12,O2 Cylinders,2685,167,0,0,771360.58
2026-06-13,Paracetamol,4073,319,0,0,912783.14
2026-06-13,Amoxicillin,2915,97,0,0,437508.81
2026-06-13,Insulin,14,0,0,0,898.51
2026-06-13,Antibiotics,2953,151,0,0,1036848.82
2026-06-13,IV Fluids,3821,300,0,0,187921.5
2026-06-13,Syringes,777,53,0,0,222777.55
2026-06-13,Bandages,121,10,0,0,3528.82
2026-06-13,O2 Cylinders,2955,288,0,0,474564.46
2026-06-14,Paracetamol,1472,16,0,0,314334.87
2026-06-14,Amoxicillin,943,15,0,0,336294.96
2026-06-14,Insulin,19,1,0,2,2327.02
2026-06-14,Antibiotics,614,38,0,0,195410.1
2026-06-14,IV Fluids,424,40,0,0,16371.79
2026-06-14,Syringes,4076,264,0,0,1135845.78
2026-06-14,Bandages,319,6,0,0,37615.5
2026-06-14,O2 Cylinders,2325,75,0,0,755919.32
2026-06-15,Paracetamol,4871,314,0,0,950606.5
2026-06-15,Amoxicillin,2757,207,0,0,1193803.83
2026-06-15,Insulin,1659,26,0,7,777496.87
2026-06-15,Antibiotics,4076,118,0,0,752186.56
2026-06-15,IV Fluids,461,32,0,0,160348.12
2026-06-15,Syringes,400,34,0,0,57266.38
2026-06-15,Bandages,2159,81,0,0,90760.23
2026-06-15,O2 Cylinders,4033,140,0,0,417527.21
2026-06-16,Paracetamol,3937,365,0,26,157982.1
2026-06-16,Amoxicillin,1814,151,0,0,681107.43
2026-06-16,Insulin,319,3,0,0,10975.01
2026-06-16,Antibiotics,1195,88,0,0,18933.0
2026-06-16,IV Fluids,2790,39,0,0,1210156.44
2026-06-16,Syringes,766,72,0,130,233912.09
2026-06-16,Bandages,336,30,0,0,70544.37
2026-06-16,O2 Cylinders,2822,239,0,0,620107.02
2026-06-17,Paracetamol,4948,152,0,0,957271.08
2026-06-17,Amoxicillin,780,29,6,0,268408.01
2026-06-17,Insulin,3906,314,0,0,1916322.13
2026-06-17,Antibiotics,2903,185,0,0,399672.46
2026-06-17,IV Fluids,4797,205,0,0,1739800.77
2026-06-17,Syringes,2048,152,0,0,142227.03
2026-06-17,Bandages,3047,105,0,0,810464.98
2026-06-17,O2 Cylinders,4317,61,0,0,1984884.75
2026-06-18,Paracetamol,4854,206,0,0,579309.94
2026-06-18,Amoxicillin,1392,44,0,0,467523.45
2026-06-18,Insulin,2658,196,0,0,1319995.99
2026-06-18,Antibiotics,3513,105,0,0,1455921.19
2026-06-18,IV Fluids,4769,374,0,0,956204.36
2026-06-18,Syringes,2715,47,0,0,529811.5
2026-06-18,Bandages,4431,138,0,0,1627042.51
2026-06-18,O2 Cylinders,4919,274,0,0,1667367.52
2026-06-19,Paracetamol,1538,109,0,0,550320.49
2026-06-19,Amoxicillin,209,14,0,0,11858.5
2026-06-19,Insulin,4556,49,0,0,1016294.68
2026-06-19,Antibiotics,1315,39,0,0,548633.13
2026-06-19,IV Fluids,2361,229,0,96,397187.59
2026-06-19,Syringes,3855,163,0,0,1010350.91
2026-06-19,Bandages,195,19,0,1,2590.91
2026-06-19,O2 Cylinders,2245,223,0,0,535670.71
2026-06-20,Paracetamol,889,32,0,0,19674.79
2026-06-20,Amoxicillin,357,23,0,0,104660.48
2026-06-20,Insulin,530,40,0,101,246352.87
2026-06-20,Antibiotics,3092,83,0,0,1350149.46
2026-06-20,IV Fluids,2204,67,0,0,977229.04
2026-06-20,Syringes,2891,209,0,0,1357917.05
2026-06-20,Bandages,2997,159,0,0,848445.31
2026-06-20,O2 Cylinders,1786,145,0,0,713910.28
2026-06-21,Paracetamol,1213,56,0,0,336985.64
2026-06-21,Amoxicillin,1283,62,0,0,477421.83
2026-06-21,Insulin,2179,189,0,0,600910.3
2026-06-21,Antibiotics,3233,159,0,0,25868.07
2026-06-21,IV Fluids,2856,49,0,0,172266.63
2026-06-21,Syringes,2326,123,0,0,753886.39
2026-06-21,Bandages,2438,120,0,0,1108071.82
2026-06-21,O2 Cylinders,3605,85,0,0,142625.59
2026-06-22,Paracetamol,1422,68,0,224,627688.31
2026-06-22,Amoxicillin,575,21,0,0,286982.05
2026-06-22,Insulin,1471,38,0,0,513925.19
2026-06-22,Antibiotics,4353,395,0,0,969409.85
2026-06-22,IV Fluids,2600,117,0,0,216295.98
2026-06-22,Syringes,1528,64,0,0,51718.28
2026-06-22,Bandages,4954,338,0,0,1094699.89
2026-06-22,O2 Cylinders,1255,14,0,0,531138.82
2026-06-23,Paracetamol,3430,289,0,0,476479.8
2026-06-23,Amoxicillin,2353,220,0,0,986418.73
2026-06-23,Insulin,2833,124,0,0,534987.26
2026-06-23,Antibiotics,1297,111,0,0,17967.06
2026-06-23,IV Fluids,2654,223,0,0,389771.52
2026-06-23,Syringes,3371,152,0,0,1403615.58
2026-06-23,Bandages,4338,67,0,0,709126.02
2026-06-23,O2 Cylinders,2550,210,0,0,493407.29
2026-06-24,Paracetamol,797,48,0,0,394396.9
2026-06-24,Amoxicillin,840,63,0,0,159548.36
2026-06-24,Insulin,4530,184,0,0,665081.27
2026-06-24,Antibiotics,1567,135,0,0,525716.9
2026-06-24,IV Fluids,1047,73,89,94,173369.33
2026-06-24,Syringes,420,27,0,0,64366.0
2026-06-24,Bandages,1313,68,0,0,131576.22
2026-06-24,O2 Cylinders,4966,219,0,0,2235274.89
2026-06-25,Paracetamol,3900,160,0,0,1433412.27
2026-06-25,Amoxicillin,2925,110,0,0,125599.87
2026-06-25,Insulin,3759,105,0,0,90433.22
2026-06-25,Antibiotics,234,4,0,0,90563.48
2026-06-25,IV Fluids,3285,48,0,0,1134767.27
2026-06-25,Syringes,1080,59,0,0,125976.96
2026-06-25,Bandages,4241,204,0,0,97328.82
2026-06-25,O2 Cylinders,558,15,0,0,212896.31
2026-06-26,Paracetamol,2360,77,0,0,353294.02
2026-06-26,Amoxicillin,2354,51,189,0,397975.38
2026-06-26,Insulin,3274,70,0,0,478287.75
2026-06-26,Antibiotics,522,42,14,0,122097.29
2026-06-26,IV Fluids,3906,159,0,0,1381296.02
2026-06-26,Syringes,1106,41,0,0,438961.11
2026-06-26,Bandages,906,63,0,0,228314.72
2026-06-26,O2 Cylinders,4071,371,0,0,1459723.25
2026-06-27,Paracetamol,3597,230,0,0,1762886.0
2026-06-27,Amoxicillin,3697,52,0,557,638889.35
2026-06-27,Insulin,2161,51,0,0,157006.22
2026-06-27,Antibiotics,4557,166,0,200,735161.77
2026-06-27,IV Fluids,1137,30,0,0,99478.13
2026-06-27,Syringes,4647,184,0,794,109665.07
2026-06-27,Bandages,3615,136,0,0,1494306.28
2026-06-27,O2 Cylinders,3628,221,0,0,1535009.93
2026-06-28,Paracetamol,3705,361,0,0,299301.33
2026-06-28,Amoxicillin,1958,37,0,0,792662.31
2026-06-28,Insulin,3648,72,0,0,969045.08
2026-06-28,Antibiotics,533,31,0,0,135660.53
2026-06-28,IV Fluids,2222,162,0,0,824497.66
2026-06-28,Syringes,1616,134,152,0,388768.82
2026-06-28,Bandages,3931,157,0,0,172527.94
2026-06-28,O2 Cylinders,1190,22,0,0,593054.22
2026-06-29,Paracetamol,438,25,0,0,113060.23
2026-06-29,Amoxicillin,1233,86,0,0,142094.36
2026-06-29,Insulin,2550,120,0,0,253056.47
2026-06-29,Antibiotics,2393,217,23,0,231444.56
2026-06-29,IV Fluids,3297,204,0,0,536789.78
2026-06-29,Syringes,3629,230,342,0,208614.2
2026-06-29,Bandages,2815,69,0,0,1009865.73
2026-06-29,O2 Cylinders,762,61,0,0,191090.33
2026-06-30,Paracetamol,513,7,0,0,206676.19
2026-06-30,Amoxicillin,2230,95,10,0,650401.49
2026-06-30,Insulin,1037,59,0,0,120240.14
2026-06-30,Antibiotics,2059,195,0,0,29568.38
2026-06-30,IV Fluids,3633,126,0,0,1197578.8
2026-06-30,Syringes,1032,24,0,0,263074.73
2026-06-30,Bandages,1992,52,0,0,483712.76
2026-06-30,O2 Cylinders,2179,23,0,0,864828.85
2026-07-01,Paracetamol,3731,74,0,0,216412.25
2026-07-01,Amoxicillin,236,22,0,0,65764.87
2026-07-01,Insulin,4208,358,0,0,1778017.11
2026-07-01,Antibiotics,4623,223,0,0,887763.26
2026-07-01,IV Fluids,4451,49,0,0,998305.66
2026-07-01,Syringes,2074,91,0,0,559196.8
2026-07-01,Bandages,928,91,0,100,231622.07
2026-07-01,O2 Cylinders,91,2,0,0,17868.9
2026-07-02,Paracetamol,2023,199,0,0,868240.67
2026-07-02,Amoxicillin,2725,35,0,0,1082136.02
2026-07-02,Insulin,1812,152,0,0,153639.92
2026-07-02,Antibiotics,90,5,0,0,18238.53
2026-07-02,IV Fluids,4086,216,0,0,561179.59
2026-07-02,Syringes,2181,202,0,0,369652.17
2026-07-02,Bandages,4957,99,0,0,1620181.79
2026-07-02,O2 Cylinders,3827,183,0,0,1353953.79
2026-07-03,Paracetamol,4518,244,0,0,1034415.47
2026-07-03,Amoxicillin,4436,421,166,0,475184.56
2026-07-03,Insulin,3582,344,0,0,871546.82
2026-07-03,Antibiotics,4082,61,0,361,1255012.32
2026-07-03,IV Fluids,1657,132,0,0,356275.47
2026-07-03,Syringes,4141,64,0,0,1197632.05
2026-07-03,Bandages,3069,63,0,0,1331960.67
2026-07-03,O2 Cylinders,1045,98,0,0,499686.69
2026-07-04,Paracetamol,2915,89,0,0,640138.98
2026-07-04,Amoxicillin,2529,103,89,0,60799.18
2026-07-04,Insulin,4496,330,0,0,123599.24
2026-07-04,Antibiotics,1738,66,0,0,404072.49
2026-07-04,IV Fluids,4137,57,96,0,1040209.89
2026-07-04,Syringes,2101,36,0,0,1045814.14
2026-07-04,Bandages,3323,318,0,0,513107.36
2026-07-04,O2 Cylinders,1588,48,0,0,80357.25
2026-07-05,Paracetamol,4429,356,0,0,363704.76
2026-07-05,Amoxicillin,3267,230,0,0,581408.6
2026-07-05,Insulin,823,38,0,0,366404.03
2026-07-05,Antibiotics,788,39,0,63,271437.22
2026-07-05,IV Fluids,1613,18,0,0,593441.39
2026-07-05,Syringes,3688,129,0,0,1217332.52
2026-07-05,Bandages,144,5,0,0,12457.48
2026-07-05,O2 Cylinders,2770,169,0,0,958508.0
2026-07-06,Paracetamol,3095,206,0,0,999216.05
2026-07-06,Amoxicillin,37,3,0,0,5630.85
2026-07-06,Insulin,982,66,0,0,86073.09
2026-07-06,Antibiotics,3080,297,0,0,306576.47
2026-07-06,IV Fluids,4779,239,0,634,2111765.85
2026-07-06,Syringes,2787,121,0,0,287951.72
2026-07-06,Bandages,2088,65,0,0,984411.62
2026-07-06,O2 Cylinders,4457,146,0,0,2198801.47
2026-07-07,Paracetamol,2035,54,59,0,972650.7
2026-07-07,Amoxicillin,4993,167,0,157,568836.38
2026-07-07,Insulin,293,5,0,0,114045.46
2026-07-07,Antibiotics,1622,112,0,0,150256.4
2026-07-07,IV Fluids,2810,277,0,393,796436.75
2026-07-07,Syringes,2164,109,0,0,139481.95
2026-07-07,Bandages,3311,166,0,0,1389249.8
2026-07-07,O2 Cylinders,3928,217,0,0,1227917.49
2026-07-08,Paracetamol,2656,46,0,0,89815.69
2026-07-08,Amoxicillin,1383,103,0,13,675087.66
2026-07-08,Insulin,2161,102,0,0,977130.05
2026-07-08,Antibiotics,4862,247,0,0,1773203.16
2026-07-08,IV Fluids,2330,104,0,0,835999.16
2026-07-08,Syringes,1088,32,0,0,98683.42
2026-07-08,Bandages,1491,123,0,0,695134.76
2026-07-08,O2 Cylinders,432,30,0,0,209862.83
2026-07-09,Paracetamol,4292,304,0,0,27332.23
2026-07-09,Amoxicillin,898,25,0,0,193610.55
2026-07-09,Insulin,4084,116,0,0,1058678.29
2026-07-09,Antibiotics,2331,103,0,0,528733.97
2026-07-09,IV Fluids,1583,73,0,0,698245.59
2026-07-09,Syringes,2158,107,0,0,118134.92
2026-07-09,Bandages,3193,202,0,0,665774.18
2026-07-09,O2 Cylinders,3945,375,0,0,1373206.08
2026-07-10,Paracetamol,3461,129,0,0,290942.88
2026-07-10,Amoxicillin,26,2,0,0,2867.7
2026-07-10,Insulin,4179,76,0,0,1112287.51
2026-07-10,Antibiotics,4889,394,0,0,2132915.58
2026-07-10,IV Fluids,2083,139,0,0,414302.25
2026-07-10,Syringes,539,27,0,0,4762.75
2026-07-10,Bandages,713,41,0,0,218629.69
2026-07-10,O2 Cylinders,3751,210,0,0,1673335.82
2026-07-11,Paracetamol,4912,148,0,190,1329241.69
2026-07-11,Amoxicillin,2463,77,0,0,747140.48
2026-07-11,Insulin,2048,140,0,0,881852.24
2026-07-11,Antibiotics,1786,79,0,96,655009.93
2026-07-11,IV Fluids,2693,145,0,0,1148432.17
2026-07-11,Syringes,3682,91,44,0,941323.55
2026-07-11,Bandages,3883,225,0,0,1064313.35
2026-07-11,O2 Cylinders,1189,17,8,0,381692.02
2026-07-12,Paracetamol,4430,389,0,0,1908927.22
2026-07-12,Amoxicillin,3782,312,101,0,41591.37
2026-07-12,Insulin,2617,78,0,0,1020021.4
2026-07-12,Antibiotics,3223,261,0,0,564737.48
2026-07-12,IV Fluids,4586,382,0,0,796192.19
2026-07-12,Syringes,1415,139,111,0,558789.36
2026-07-12,Bandages,4735,124,0,0,1714101.55
2026-07-12,O2 Cylinders,932,62,0,0,79081.05
2026-07-13,Paracetamol,2743,147,0,0,600426.85
2026-07-13,Amoxicillin,885,40,0,0,343091.92
2026-07-13,Insulin,815,37,0,0,370878.11
2026-07-13,Antibiotics,4558,364,0,0,217331.51
2026-07-13,IV Fluids,2414,107,0,0,1177867.31
2026-07-13,Syringes,3355,153,0,0,397847.41
2026-07-13,Bandages,3702,107,0,0,949884.9
2026-07-13,O2 Cylinders,987,76,0,0,145694.34
2026-07-14,Paracetamol,4668,238,0,0,2202587.9
2026-07-14,Amoxicillin,4765,115,0,0,1545947.91
2026-07-14,Insulin,2737,100,0,0,288977.7
2026-07-14,Antibiotics,3982,215,0,0,481101.42
2026-07-14,IV Fluids,1765,159,0,0,648919.21
2026-07-14,Syringes,247,13,0,0,88265.48
2026-07-14,Bandages,3810,56,216,0,1704348.97
2026-07-14,O2 Cylinders,1887,130,0,0,121661.14
2026-07-15,Paracetamol,3691,56,0,0,1045863.16
2026-07-15,Amoxicillin,505,23,0,0,111689.48
2026-07-15,Insulin,971,87,0,0,198646.2
2026-07-15,Antibiotics,2337,103,0,0,115578.49
2026-07-15,IV Fluids,4231,291,0,0,237258.49
2026-07-15,Syringes,925,76,0,0,301465.88
2026-07-15,Bandages,1036,76,0,0,13060.56
2026-07-15,O2 Cylinders,686,46,0,0,63680.59
2026-07-16,Paracetamol,3257,41,0,0,1284265.94
2026-07-16,Amoxicillin,1583,73,0,0,719837.36
2026-07-16,Insulin,3806,226,0,0,1669917.74
2026-07-16,Antibiotics,4609,91,0,0,1854147.85
2026-07-16,IV Fluids,1572,93,0,0,225463.62
2026-07-16,Syringes,724,58,69,0,300037.75
2026-07-16,Bandages,1642,98,0,0,692261.61
2026-07-16,O2 Cylinders,719,9,0,0,90599.66
2026-07-17,Paracetamol,4251,323,0,0,1485921.96
2026-07-17,Amoxicillin,4779,120,0,0,898605.69
2026-07-17,Insulin,3466,123,0,0,41551.31
2026-07-17,Antibiotics,4595,192,0,0,2189311.92
2026-07-17,IV Fluids,3444,202,0,0,1203185.43
2026-07-17,Syringes,3590,165,0,0,1512521.87
2026-07-17,Bandages,2385,107,0,0,1024874.79
2026-07-17,O2 Cylinders,3783,199,0,0,887951.8
2026-07-18,Paracetamol,4759,385,174,0,589528.35
2026-07-18,Amoxicillin,3759,372,0,0,1171227.9
2026-07-18,Insulin,1148,100,0,0,147609.3
2026-07-18,Antibiotics,3821,358,0,199,1184881.27
2026-07-18,IV Fluids,4138,97,0,0,328679.37
2026-07-18,Syringes,3462,248,0,0,1589910.08
2026-07-18,Bandages,780,55,0,0,104274.56
2026-07-18,O2 Cylinders,1692,61,0,0,206175.26
2026-07-19,Paracetamol,3134,269,0,0,1358684.02
2026-07-19,Amoxicillin,3271,243,0,0,1362849.73
2026-07-19,Insulin,4348,339,0,0,66633.72
2026-07-19,Antibiotics,2165,157,0,0,649867.95
2026-07-19,IV Fluids,1087,96,0,0,304819.03
2026-07-19,Syringes,2707,46,0,0,418189.92
2026-07-19,Bandages,4338,68,0,0,1078474.11
2026-07-19,O2 Cylinders,2667,126,0,0,41159.62
2026-07-20,Paracetamol,3087,168,0,0,361935.19
2026-07-20,Amoxicillin,3637,103,0,696,1160414.81
2026-07-20,Insulin,2760,64,0,40,27015.22
2026-07-20,Antibiotics,2611,145,64,0,1153358.08
2026-07-20,IV Fluids,4536,359,0,864,2061298.04
2026-07-20,Syringes,3496,154,0,0,1401392.65
2026-07-20,Bandages,2970,174,0,270,259342.82
2026-07-20,O2 Cylinders,143,8,0,0,2298.49
2026-07-21,Paracetamol,329,17,0,0,77728.49
2026-07-21,Amoxicillin,1705,142,0,0,404409.83
2026-07-21,Insulin,931,77,0,0,306483.46
2026-07-21,Antibiotics,4755,223,0,0,233175.59
2026-07-21,IV Fluids,1290,59,0,0,510592.7
2026-07-21,Syringes,4255,95,0,0,1307259.3
2026-07-21,Bandages,493,36,0,0,187643.33
2026-07-21,O2 Cylinders,3871,225,0,0,363079.31
2026-07-22,Paracetamol,2704,85,0,385,643016.44
2026-07-22,Amoxicillin,1122,105,0,211,320131.92
2026-07-22,Insulin,1241,93,0,0,80934.01
2026-07-22,Antibiotics,1512,138,0,0,718582.81
2026-07-22,IV Fluids,1489,123,0,0,392235.44
2026-07-22,Syringes,2811,269,0,0,1234113.81
2026-07-22,Bandages,1339,93,0,0,321189.14
2026-07-22,O2 Cylinders,2502,175,0,0,354527.39
2026-07-23,Paracetamol,478,13,0,0,188824.58
2026-07-23,Amoxicillin,1109,31,0,0,345192.79
2026-07-23,Insulin,4353,269,0,824,262864.03
2026-07-23,Antibiotics,2538,208,48,0,117754.35
2026-07-23,IV Fluids,1690,117,129,0,287299.0
2026-07-23,Syringes,4813,311,0,0,1548898.04
2026-07-23,Bandages,1726,126,0,0,390418.13
2026-07-23,O2 Cylinders,263,10,0,0,20257.86
2026-07-24,Paracetamol,4997,74,0,0,967268.08
2026-07-24,Amoxicillin,3281,34,0,0,603666.1
2026-07-24,Insulin,3121,34,201,0,698812.42
2026-07-24,Antibiotics,3981,252,0,0,860340.79
2026-07-24,IV Fluids,534,22,0,0,234878.35
2026-07-24,Syringes,1119,49,0,0,425817.46
2026-07-24,Bandages,2174,187,0,0,435969.44
2026-07-24,O2 Cylinders,4102,73,0,465,1981853.03
2026-07-25,Paracetamol,3856,279,0,0,992140.36
2026-07-25,Amoxicillin,3125,215,0,0,1178783.24
2026-07-25,Insulin,3440,268,0,0,1222186.75
2026-07-25,Antibiotics,954,57,0,0,335198.38
2026-07-25,IV Fluids,1770,163,0,0,24885.76
2026-07-25,Syringes,4826,168,0,423,2071344.29
2026-07-25,Bandages,1353,133,0,0,625691.26
2026-07-25,O2 Cylinders,3897,143,0,0,301512.36
2026-07-26,Paracetamol,3923,320,0,0,1756164.98
2026-07-26,Amoxicillin,425,4,0,0,62714.38
2026-07-26,Insulin,2257,126,0,0,612141.01
2026-07-26,Antibiotics,3907,334,341,4,1617788.85
2026-07-26,IV Fluids,3983,76,160,0,858057.5
2026-07-26,Syringes,2884,104,0,110,1066539.08
2026-07-26,Bandages,3907,167,0,439,304962.08
2026-07-26,O2 Cylinders,3809,341,0,0,743121.15
2026-07-27,Paracetamol,2524,153,0,0,888204.32
2026-07-27,Amoxicillin,1816,44,0,0,618899.82
2026-07-27,Insulin,3997,399,0,0,261477.2
2026-07-27,Antibiotics,2441,173,0,0,969920.12
2026-07-27,IV Fluids,3869,229,304,0,477614.82
2026-07-27,Syringes,3637,139,96,438,892924.36
2026-07-27,Bandages,1528,81,0,0,13878.05
2026-07-27,O2 Cylinders,4610,331,139,0,1648387.86
2026-07-28,Paracetamol,4374,120,0,0,586139.84
2026-07-28,Amoxicillin,1798,109,0,0,432489.53
2026-07-28,Insulin,4367,178,0,0,736636.91
2026-07-28,Antibiotics,2173,137,0,0,186481.05
2026-07-28,IV Fluids,2811,270,0,0,1231730.79
2026-07-28,Syringes,1555,120,0,0,610806.26
2026-07-28,Bandages,1343,69,0,218,109157.43
2026-07-28,O2 Cylinders,3741,52,0,0,656398.38
2026-07-29,Paracetamol,1955,186,170,0,64976.68
2026-07-29,Amoxicillin,3939,332,0,0,23696.62
2026-07-29,Insulin,1105,61,0,0,289004.64
2026-07-29,Antibiotics,1810,115,0,303,196879.99
2026-07-29,IV Fluids,708,68,0,89,17299.06
2026-07-29,Syringes,4419,124,0,577,579910.69
2026-07-29,Bandages,3567,45,0,0,583180.44
2026-07-29,O2 Cylinders,2529,204,0,0,132855.64
2026-07-30,Paracetamol,3815,302,0,0,1450551.75
2026-07-30,Amoxicillin,228,7,0,19,89239.42
2026-07-30,Insulin,1415,127,0,0,224287.4
2026-07-30,Antibiotics,1327,62,0,0,518063.41
2026-07-30,IV Fluids,3090,200,0,0,465726.36
2026-07-30,Syringes,3357,174,0,0,1403651.7
2026-07-30,Bandages,2957,165,0,0,1072597.2
2026-07-30,O2 Cylinders,2862,65,0,0,634835.53
2026-07-31,Paracetamol,4119,172,0,0,2048430.34
2026-07-31,Amoxicillin,3503,206,0,0,1209418.51
2026-07-31,Insulin,225,22,0,19,13307.18
2026-07-31,Antibiotics,4498,416,0,0,978668.71
2026-07-31,IV Fluids,3219,102,0,0,446662.46
2026-07-31,Syringes,3928,42,0,0,1953247.41
2026-07-31,Bandages,927,47,0,0,239445.89
2026-07-31,O2 Cylinders,1913,167,0,0,12044.37
2026-08-01,Paracetamol,3716,132,0,677,343144.53
2026-08-01,Amoxicillin,1295,86,0,0,78951.37
2026-08-01,Insulin,4888,236,0,0,1707051.81
2026-08-01,Antibiotics,3062,147,0,0,1508652.69
2026-08-01,IV Fluids,3929,331,0,0,566017.11
2026-08-01,Syringes,202,17,0,0,24841.36
2026-08-01,Bandages,155,15,0,26,1729.35
2026-08-01,O2 Cylinders,4912,402,0,0,1754606.85
2026-08-02,Paracetamol,1610,140,0,0,570473.1
2026-08-02,Amoxicillin,1580,44,0,0,666151.78
2026-08-02,Insulin,986,64,0,0,172038.04
2026-08-02,Antibiotics,502,47,0,40,46357.6
2026-08-02,IV Fluids,1114,99,0,63,256087.75
2026-08-02,Syringes,4669,454,0,0,654904.09
2026-08-02,Bandages,4894,284,0,0,1779652.02
2026-08-02,O2 Cylinders,4498,343,0,0,401834.51
2026-08-03,Paracetamol,2210,76,0,0,402000.09
2026-08-03,Amoxicillin,4874,263,0,0,193062.3
2026-08-03,Insulin,1547,41,0,0,162417.2
2026-08-03,Antibiotics,4420,92,0,0,1983083.98
2026-08-03,IV Fluids,104,6,0,0,11731.57
2026-08-03,Syringes,2387,111,0,0,69547.42
2026-08-03,Bandages,2858,34,0,0,223663.25
2026-08-03,O2 Cylinders,837,30,39,0,162028.11
2026-08-04,Paracetamol,3738,116,0,0,1530008.87
2026-08-04,Amoxicillin,4249,168,0,0,376098.21
2026-08-04,Insulin,1720,100,0,0,115515.51
2026-08-04,Antibiotics,4461,166,0,0,716978.5
2026-08-04,IV Fluids,4735,312,0,553,1131160.55
2026-08-04,Syringes,438,23,0,0,57045.97
2026-08-04,Bandages,1518,148,0,0,179404.52
2026-08-04,O2 Cylinders,1965,84,0,0,776499.03
2026-08-05,Paracetamol,791,9,0,140,243418.77
2026-08-05,Amoxicillin,1774,121,0,0,119250.96
2026-08-05,Insulin,1353,68,0,0,513335.69
2026-08-05,Antibiotics,2711,36,0,225,89034.15
2026-08-05,IV Fluids,3138,290,0,0,1458690.29
2026-08-05,Syringes,4634,335,0,0,628267.24
2026-08-05,Bandages,1841,100,0,0,570114.71
2026-08-05,O2 Cylinders,4091,120,0,0,931337.42
2026-08-06,Paracetamol,685,46,0,0,44403.53
2026-08-06,Amoxicillin,4965,107,355,0,548556.05
2026-08-06,Insulin,4896,245,0,0,2078081.12
2026-08-06,Antibiotics,852,52,0,0,201989.19
2026-08-06,IV Fluids,276,24,0,32,130917.75
2026-08-06,Syringes,1285,106,0,240,220524.17
2026-08-06,Bandages,4204,408,0,0,106058.14
2026-08-06,O2 Cylinders,1337,14,0,0,655106.95
2026-08-07,Paracetamol,3619,231,0,0,386162.65
2026-08-07,Amoxicillin,4533,52,79,0,1069346.37
2026-08-07,Insulin,3647,167,0,0,584782.65
2026-08-07,Antibiotics,3621,58,0,0,887503.68
2026-08-07,IV Fluids,2109,180,0,0,542886.15
2026-08-07,Syringes,1081,84,0,0,220496.49
2026-08-07,Bandages,3532,173,0,0,1720287.26
2026-08-07,O2 Cylinders,4214,128,352,0,637136.35
2026-08-08,Paracetamol,751,62,0,0,45139.57
2026-08-08,Amoxicillin,4350,235,0,0,694560.22
2026-08-08,Insulin,4086,293,0,0,194299.73
2026-08-08,Antibiotics,853,17,70,0,186750.25
2026-08-08,IV Fluids,2573,245,0,0,327493.38
2026-08-08,Syringes,3390,278,0,0,705649.7
2026-08-08,Bandages,2599,152,0,0,1291992.82
2026-08-08,O2 Cylinders,4244,116,0,0,83177.44
2026-08-09,Paracetamol,134,7,0,0,35470.94
2026-08-09,Amoxicillin,3618,259,0,0,727717.07
2026-08-09,Insulin,4226,206,0,0,1756790.56
2026-08-09,Antibiotics,934,77,0,0,230357.29
2026-08-09,IV Fluids,991,89,0,0,239508.41
2026-08-09,Syringes,1562,146,0,0,728437.51
2026-08-09,Bandages,1471,110,0,0,22834.45
2026-08-09,O2 Cylinders,3801,253,0,0,1100921.85
2026-08-10,Paracetamol,480,17,0,0,34231.47
2026-08-10,Amoxicillin,1642,133,0,0,286191.89
2026-08-10,Insulin,3497,348,0,0,894373.08
2026-08-10,Antibiotics,3381,138,0,0,1261218.73
2026-08-10,IV Fluids,4254,323,0,0,184200.15
2026-08-10,Syringes,1210,116,0,0,323334.2
2026-08-10,Bandages,1251,78,0,0,494420.39
2026-08-10,O2 Cylinders,2378,203,0,0,687953.41
2026-08-11,Paracetamol,802,30,0,0,394626.48
2026-08-11,Amoxicillin,2620,108,0,0,583683.45
2026-08-11,Insulin,3503,86,0,0,265587.75
2026-08-11,Antibiotics,2548,171,0,0,167834.16
2026-08-11,IV Fluids,1580,118,0,0,767876.28
2026-08-11,Syringes,755,45,0,0,330034.96
2026-08-11,Bandages,348,10,0,0,119970.79
2026-08-11,O2 Cylinders,1331,115,0,0,489518.82
2026-08-12,Paracetamol,3550,163,0,0,277778.55
2026-08-12,Amoxicillin,736,43,0,0,298022.58
2026-08-12,Insulin,1874,150,0,0,297880.42
2026-08-12,Antibiotics,556,43,0,0,189890.7
2026-08-12,IV Fluids,3886,82,0,0,1164870.12
2026-08-12,Syringes,4687,215,0,0,1425368.8
2026-08-12,Bandages,4749,263,0,0,594370.01
2026-08-12,O2 Cylinders,4219,111,0,0,1380027.87
2026-08-13,Paracetamol,2777,223,0,0,150086.75
2026-08-13,Amoxicillin,166,10,0,0,49349.16
2026-08-13,Insulin,4078,191,0,42,777951.71
2026-08-13,Antibiotics,1855,130,0,0,123686.19
2026-08-13,IV Fluids,864,38,0,0,183046.91
2026-08-13,Syringes,2047,55,0,0,823651.23
2026-08-13,Bandages,2665,54,0,0,787316.82
2026-08-13,O2 Cylinders,2974,86,0,0,1442989.4
2026-08-14,Paracetamol,1167,115,0,0,139371.08
2026-08-14,Amoxicillin,3947,180,0,589,165276.6
2026-08-14,Insulin,1893,108,0,0,843036.94
2026-08-14,Antibiotics,1943,172,0,0,848431.23
2026-08-14,IV Fluids,2775,67,0,0,1252093.27
2026-08-14,Syringes,259,21,0,0,124427.17
2026-08-14,Bandages,454,32,0,0,81079.77
2026-08-14,O2 Cylinders,3481,110,0,272,909499.48
2026-08-15,Paracetamol,1922,117,160,0,690946.15
2026-08-15,Amoxicillin,3039,103,0,0,531807.83
2026-08-15,Insulin,4228,377,0,0,187899.07
2026-08-15,Antibiotics,608,32,0,0,294601.75
2026-08-15,IV Fluids,156,13,0,0,34412.05
2026-08-15,Syringes,2960,228,0,0,984835.22
2026-08-15,Bandages,1654,95,0,0,654951.57
2026-08-15,O2 Cylinders,1995,165,0,0,332676.52
2026-08-16,Paracetamol,2629,83,0,0,1046133.8
2026-08-16,Amoxicillin,276,17,0,0,32703.25
2026-08-16,Insulin,2582,206,0,0,608812.34
2026-08-16,Antibiotics,2888,244,0,0,724730.39
2026-08-16,IV Fluids,1374,102,0,0,588205.97
2026-08-16,Syringes,35,0,0,0,12479.47
2026-08-16,Bandages,1643,45,0,0,36928.44
2026-08-16,O2 Cylinders,4416,298,0,0,1994116.88
2026-08-17,Paracetamol,3633,334,0,0,997285.39
2026-08-17,Amoxicillin,4161,52,0,0,763789.96
2026-08-17,Insulin,4811,338,0,0,2036216.4
2026-08-17,Antibiotics,800,71,0,126,307392.4
2026-08-17,IV Fluids,4095,110,0,0,1286543.87
2026-08-17,Syringes,4347,306,0,0,948377.79
2026-08-17,Bandages,1139,33,0,0,359214.09
2026-08-17,O2 Cylinders,3994,88,262,0,910237.05
2026-08-18,Paracetamol,1466,41,0,0,74398.41
2026-08-18,Amoxicillin,2273,145,0,0,529566.05
2026-08-18,Insulin,3246,311,0,0,989721.79
2026-08-18,Antibiotics,1187,13,0,0,169406.96
2026-08-18,IV Fluids,966,60,51,0,250553.25
2026-08-18,Syringes,4448,336,0,0,823294.62
2026-08-18,Bandages,1182,105,0,0,17370.4
2026-08-18,O2 Cylinders,218,10,0,0,44775.0
2026-08-19,Paracetamol,2561,93,0,0,383668.65
2026-08-19,Amoxicillin,519,13,0,0,113948.72
2026-08-19,Insulin,1263,106,0,8,572931.55
2026-08-19,Antibiotics,3895,221,347,0,1359241.7
2026-08-19,IV Fluids,4251,349,0,0,1539127.5
2026-08-19,Syringes,985,58,52,167,318872.43
2026-08-19,Bandages,1945,127,0,0,210064.6
2026-08-19,O2 Cylinders,4190,318,86,0,1135803.92
2026-08-20,Paracetamol,1463,97,0,0,210008.91
2026-08-20,Amoxicillin,2584,187,0,514,846804.95
2026-08-20,Insulin,570,25,0,0,170240.09
2026-08-20,Antibiotics,3641,94,0,0,875872.2
2026-08-20,IV Fluids,3833,128,0,0,538733.06
2026-08-20,Syringes,4906,436,0,0,62769.15
2026-08-20,Bandages,1454,53,0,0,162399.28
2026-08-20,O2 Cylinders,1966,125,0,0,267883.44
2026-08-21,Paracetamol,3417,302,0,0,1355885.49
2026-08-21,Amoxicillin,1133,104,0,0,500807.85
2026-08-21,Insulin,4478,219,0,0,2089832.57
2026-08-21,Antibiotics,659,8,0,0,119734.86
2026-08-21,IV Fluids,898,58,0,0,382152.15
2026-08-21,Syringes,3119,222,0,0,121289.02
2026-08-21,Bandages,2148,106,0,0,268449.07
2026-08-21,O2 Cylinders,2552,243,0,341,869860.81
2026-08-22,Paracetamol,1784,140,0,0,283038.08
2026-08-22,Amoxicillin,4098,76,0,0,838848.68
2026-08-22,Insulin,4110,132,0,0,550597.96
2026-08-22,Antibiotics,2152,210,0,0,95223.53
2026-08-22,IV Fluids,494,47,0,0,168547.17
2026-08-22,Syringes,4148,368,0,84,913013.79
2026-08-22,Bandages,3468,235,0,0,172402.5
2026-08-22,O2 Cylinders,2046,177,0,0,766112.54
2026-08-23,Paracetamol,4883,126,0,0,1842041.02
2026-08-23,Amoxicillin,1047,79,0,0,321204.36
2026-08-23,Insulin,496,29,0,0,109976.11
2026-08-23,Antibiotics,1151,101,0,0,351330.35
2026-08-23,IV Fluids,664,16,0,0,93049.94
2026-08-23,Syringes,3331,50,0,0,34201.54
2026-08-23,Bandages,494,15,0,0,23252.0
2026-08-23,O2 Cylinders,476,37,0,0,25372.97
